Text,Sentiment,Timestamp,User,Platform,Hashtags,Retweets,Likes,Country,Year,Month,Day,Hour
 enjoying a beautiful day at the park!              , Positive  ,2023-01-15 12:30:00, User123      ,Twitter, #Nature #Park                            ,15,30,USA,2023,1,15,12
 traffic was terrible this morning.                 , Negative  ,2023-01-15 08:45:00, CommuterX    ,Twitter, #Traffic #Morning                        ,5,10, Canada   ,2023,1,15,8
 just finished an amazing workout! 💪               , Positive  ,2023-01-15 15:45:00, FitnessFan   , Instagram , #Fitness #Workout                        ,20,40,USA,2023,1,15,15
 excited about the upcoming weekend getaway!        , Positive  ,2023-01-15 18:20:00, AdventureX   , Facebook , #Travel #Adventure                       ,8,15, UK       ,2023,1,15,18
 trying out a new recipe for dinner tonight.        , Neutral   ,2023-01-15 19:55:00, ChefCook     , Instagram , #Cooking #Food                           ,12,25, Australia ,2023,1,15,19
 feeling grateful for the little things in life.    , Positive  ,2023-01-16 09:10:00, GratitudeNow ,Twitter, #Gratitude #PositiveVibes              ,25,50, India    ,2023,1,16,9
 rainy days call for cozy blankets and hot cocoa.   , Positive  ,2023-01-16 14:45:00, RainyDays    , Facebook , #RainyDays #Cozy                         ,10,20, Canada   ,2023,1,16,14
 the new movie release is a must-watch!             , Positive  ,2023-01-16 19:30:00, MovieBuff    , Instagram , #MovieNight #MustWatch                  ,15,30,USA,2023,1,16,19
 political discussions heating up on the timeline.  , Negative  ,2023-01-17 08:00:00, DebateTalk   ,Twitter, #Politics #Debate                       ,30,60,USA,2023,1,17,8
 missing summer vibes and beach days.               , Neutral   ,2023-01-17 12:20:00, BeachLover   , Facebook , #Summer #BeachDays                      ,18,35, Australia ,2023,1,17,12
 just published a new blog post. check it out!      , Positive  ,2023-01-17 15:15:00, BloggerX     , Instagram , #Blogging #NewPost                      ,22,45,USA,2023,1,17,15
 feeling a bit under the weather today.             , Negative  ,2023-01-18 10:30:00, WellnessCheck,Twitter, #SickDay #Health                        ,7,15, Canada   ,2023,1,18,10
 exploring the city's hidden gems.                  , Positive  ,2023-01-18 14:50:00, UrbanExplorer, Facebook , #CityExplore #HiddenGems                ,12,25, UK       ,2023,1,18,14
" new year, new fitness goals! 💪                    ", Positive  ,2023-01-18 18:00:00, FitJourney   , Instagram , #NewYear #FitnessGoals                  ,28,55,USA,2023,1,18,18
 technology is changing the way we live.            , Neutral   ,2023-01-19 09:45:00, TechEnthusiast,Twitter, #Tech #Innovation                       ,15,30, India    ,2023,1,19,9
 reflecting on the past and looking ahead.          , Positive  ,2023-01-19 13:20:00, Reflections  , Facebook , #Reflection #Future                     ,20,40,USA,2023,1,19,13
 just adopted a cute furry friend! 🐾              , Positive  ,2023-01-19 17:10:00, PetAdopter   , Instagram , #PetAdoption #FurryFriend               ,15,30, Canada    ,2023,1,19,17
 late-night gaming session with friends.            , Positive  ,2023-01-20 00:05:00, GamerX       ,Twitter, #Gaming #LateNight                      ,18,35, UK       ,2023,1,20,0
 attending a virtual conference on ai.              , Neutral   ,2023-01-20 11:30:00, TechConference, Facebook , #AI #TechConference                     ,25,50,USA,2023,1,20,11
 winter blues got me feeling low.                   , Negative  ,2023-01-20 15:15:00, WinterBlues  , Instagram , #WinterBlues #Mood                      ,8,15,USA,2023,1,20,15
 sipping coffee and enjoying a good book.           , Positive  ,2023-01-21 08:40:00, Bookworm     ,Twitter, #Reading #CoffeeTime                    ,22,45, India    ,2023,1,21,8
 exploring the world of virtual reality.            , Positive  ,2023-01-21 13:20:00, VRExplorer   , Facebook , #VR #VirtualReality                     ,15,30,USA,2023,1,21,13
 productive day ticking off my to-do list.          , Positive  ,2023-01-21 16:45:00, ProductivityPro, Instagram , #Productivity #WorkFromHome           ,30,60,USA,2023,1,21,16
 just finished a challenging workout routine.       , Positive  ,2023-01-22 09:15:00, FitnessWarrior,Twitter, #Fitness #ChallengeAccepted             ,20,40, UK       ,2023,1,22,9
 celebrating a milestone at work! 🎉               , Positive  ,2023-01-22 14:30:00, CareerMilestone, Facebook , #Career #Milestone                      ,12,25, Canada  ,2023,1,22,14
 sunday brunch with friends.                        , Positive  ,2023-01-22 12:00:00, BrunchBuddy  , Instagram , #Brunch #Friends                       ,15,30, UK ,2023,1,22,12
 learning a new language for personal growth.       , Positive  ,2023-01-23 16:20:00, LanguageLearner, Facebook , #LanguageLearning #PersonalGrowth       ,25,50, India     ,2023,1,23,16
 quiet evening with a good book.                    , Positive  ,2023-01-23 19:45:00, BookLover    , Instagram , #Reading #QuietTime                     ,15,30, Australia ,2023,1,23,19
 reflecting on the importance of mental health.     , Positive  ,2023-01-24 11:30:00, MentalHealthMatters,Twitter, #MentalHealth #SelfCare                 ,22,45,USA,2023,1,24,11
 new painting in progress! 🎨                       , Positive  ,2023-01-24 15:00:00, ArtistInAction, Facebook , #Art #PaintingInProgress             ,12,25, Canada ,2023,1,24,15
 weekend road trip to explore scenic views.         , Positive  ,2023-01-24 17:30:00, RoadTripper  , Instagram , #RoadTrip #ScenicViews                  ,18,35, UK        ,2023,1,24,17
 enjoying a cup of tea and watching the sunset.     , Positive  ,2023-01-25 18:00:00, SunsetWatcher,Twitter, #TeaTime #Sunset                       ,15,30, India    ,2023,1,25,18
 coding a new project with enthusiasm.              , Positive  ,2023-01-25 13:15:00, CodeEnthusiast, Facebook , #Coding #Enthusiasm                   ,30,60,USA,2023,1,25,13
 feeling inspired after attending a workshop.       , Positive  ,2023-01-26 09:45:00, WorkshopAttendee, Instagram , #Inspiration #Workshop                  ,25,50,USA,2023,1,26,9
 winter sports day at the local park.               , Positive  ,2023-01-26 14:20:00, WinterSports  ,Twitter, #WinterSports #Fun                     ,15,30, Canada   ,2023,1,26,14
 quality time with family this weekend.             , Positive  ,2023-01-26 17:40:00, FamilyTime   , Facebook , #FamilyTime #Weekend                    ,22,45, UK        ,2023,1,26,17
 attending a live music concert tonight.            , Positive  ,2023-01-27 20:00:00, MusicLover   , Instagram , #Music #ConcertNight                  ,18,35,USA,2023,1,27,20
 practicing mindfulness with meditation.            , Positive  ,2023-01-27 12:30:00, MindfulMoments,Twitter, #Mindfulness #Meditation               ,15,30, India    ,2023,1,27,12
 trying out a new dessert recipe.                   , Positive  ,2023-01-27 16:10:00, DessertExplorer, Facebook , #Dessert #Cooking                      ,12,25, Canada ,2023,1,27,16
 excited about the upcoming gaming tournament.      , Positive  ,2023-01-28 09:00:00, GamingEnthusiast, Instagram , #Gaming #Tournament                     ,30,60,USA,2023,1,28,9
 planning a garden makeover for spring.             , Positive  ,2023-01-28 14:45:00, GardenPlanner ,Twitter, #Gardening #Spring                     ,25,50,USA,2023,1,28,14
 celebrating a friend's birthday tonight! 🎂       , Positive  ,2023-01-28 19:30:00, BirthdayBash , Facebook , #Birthday #Celebration                  ,15,30, UK ,2023,1,28,19
 feeling accomplished after a productive day.       , Positive  ,2023-01-29 17:00:00, ProductivityWin, Instagram , #Accomplished #Success               ,22,45, India ,2023,1,29,17
 a cozy evening with a good movie.                 , Positive  ,2023-01-29 20:20:00, MovieNight   ,Twitter, #CozyNight #MovieTime                   ,18,35, Canada   ,2023,1,29,20
 exploring local art galleries this weekend.        , Positive  ,2023-01-30 11:30:00, ArtExplorer  , Facebook , #Art #GalleryExplore                    ,15,30,USA,2023,1,30,11
 new book release from my favorite author!          , Positive  ,2023-01-30 15:45:00, BookwormX    , Instagram , #BookRelease #FavoriteAuthor           ,12,25, UK   ,2023,1,30,15
 attending a virtual reality meetup.                , Positive  ,2023-01-30 18:30:00, VRMeetup     ,Twitter, #VRMeetup #VirtualReality               ,28,55, India    ,2023,1,30,18
 reflecting on the beauty of nature.                , Positive  ,2023-01-31 10:45:00, NatureLover  , Facebook , #Nature #Reflection                     ,15,30, Australia ,2023,1,31,10
 cooking a special dinner for loved ones.           , Positive  ,2023-01-31 19:00:00, ChefAtHome   , Instagram , #Cooking #SpecialDinner                ,20,40,USA,2023,1,31,19
 feeling optimistic about the week ahead.           , Positive  ,2023-01-31 16:20:00, OptimisticMindset,Twitter, #Optimism #NewWeek                     ,15,30, Canada   ,2023,1,31,16
 starting a new fitness challenge tomorrow! 💪     , Positive  ,2023-02-01 08:00:00, FitnessChallenge, Facebook , #FitnessChallenge #NewBeginnings       ,22,45, UK         ,2023,2,1,8
 sunday bike ride through scenic trails.           , Positive  ,2023-02-01 13:30:00, BikeExplorer  , Instagram , #BikeRide #ScenicTrails                ,18,35,USA,2023,2,1,13
 can't believe the injustice happening in our society., Anger        ,2023-02-11 09:30:00, SocialJustice   ,Twitter, #Injustice #Angry                            ,20,40, Canada     ,2023,2,11,9
 feeling a sense of fear after watching a thriller movie. , Fear         ,2023-02-11 21:15:00, ThrillerFan     , Instagram , #Fear #ThrillerMovie                         ,15,30,USA,2023,2,11,21
 heartbroken after hearing the news about a natural disaster. , Sadness      ,2023-02-12 14:45:00, EmpathyFirst    , Facebook , #Sadness #NaturalDisaster                    ,25,50, India      ,2023,2,12,14
 the state of the world's environment is just disgusting. , Disgust      ,2023-02-12 18:20:00, EcoAwareness    ,Twitter, #Disgust #Environment                        ,18,35, UK         ,2023,2,12,18
 pure happiness: celebrating a loved one's achievement! , Happiness    ,2023-02-13 10:00:00, ProudFriend     , Instagram , #Happiness #Celebration                   ,30,60,USA,2023,2,13,10
 laughter is the best medicine—enjoying a comedy show. , Joy          ,2023-02-13 19:30:00, ComedyFan       , Facebook , #Joy #ComedyShow                             ,22,45, Canada    ,2023,2,13,19
 sharing love and positive vibes with everyone! ❤️      , Love         ,2023-02-14 08:30:00, LoveSpreader    ,Twitter, #Love #SpreadLove                            ,15,30, Australia  ,2023,2,14,8
 an amusing incident brightened up my day!               , Amusement    ,2023-02-14 14:20:00, AmusedSoul      , Instagram , #Amusement #FunTimes                         ,18,35, UK           ,2023,2,14,14
 enjoying a quiet evening with a book and some tea.      , Enjoyment    ,2023-02-14 19:45:00, BookLoverAgain  , Facebook , #Enjoyment #BookTime                         ,25,50, Canada       ,2023,2,14,19
 admiring the beauty of nature during a peaceful hike.   , Admiration   ,2023-02-15 11:30:00, NatureAdmirer   ,Twitter, #Admiration #Nature                         ,20,40,USA,2023,2,15,11
 sending affectionate vibes to all my followers!          , Affection    ,2023-02-15 16:00:00, AffectionSender , Instagram , #Affection #PositiveVibes                   ,15,30,USA,2023,2,15,16
 experiencing awe at the breathtaking sunset.            , Awe          ,2023-02-15 20:30:00, AweStruck       , Facebook , #Awe #Breathtaking                          ,22,45, Australia   ,2023,2,15,20
 disappointed with the service at a local restaurant.    , Disappointed ,2023-02-16 09:00:00, FoodieGoneWrong ,Twitter, #Disappointed #BadService                   ,18,35, India      ,2023,2,16,9
 a surprise gift from a friend made my day!              , Surprise     ,2023-02-16 14:45:00, HappySurprise   , Instagram , #Surprise #Gift                              ,25,50,USA,2023,2,16,14
 finding acceptance in the midst of life's challenges.   , Acceptance   ,2023-02-16 18:20:00, AcceptanceSeeker, Facebook , #Acceptance #Challenges                     ,15,30, Canada     ,2023,2,16,18
 overflowing with adoration for my adorable pet! 🐾      , Adoration    ,2023-02-17 10:45:00, PetAdorer       ,Twitter, #Adoration #PetLove                         ,22,45, UK        ,2023,2,17,10
 anticipating a thrilling adventure in the coming weeks. , Anticipation ,2023-02-17 07:30:00, AdventureAwaits  , Instagram , #Anticipation #Adventure                    ,20,40,USA,2023,2,17,7
 a bitter experience turned into a valuable lesson.      , Bitter       ,2023-02-17 15:00:00, LearnFromBitter , Facebook , #BitterLesson #Growth                      ,18,35,USA,2023,2,17,15
 finding calmness in the midst of a busy day.            , Calmness     ,2023-02-18 09:30:00, ZenMaster       ,Twitter, #Calmness #PeacefulMind                    ,15,30, India     ,2023,2,18,9
 confusion clouds my mind as i navigate through decisions., Confusion    ,2023-02-18 14:20:00, ConfusedMind    , Instagram , #Confusion #DecisionMaking                 ,25,50, UK   ,2023,2,18,14
 excitement building up for the upcoming vacation!       , Excitement   ,2023-02-18 18:45:00, VacationDreamer , Facebook , #Excitement #TravelPlans                   ,22,45, Canada    ,2023,2,18,18
 kindness witnessed today restored my faith in humanity. , Kind         ,2023-02-19 11:30:00, KindnessPrevails,Twitter, #Kindness #Humanity                        ,20,40,USA,2023,2,19,11
 pride in achieving a personal milestone.               , Pride        ,2023-02-19 16:00:00, PersonalAchiever, Instagram , #Pride #Milestone                           ,30,60, Australia    ,2023,2,19,16
 a moment of shame for not standing up against injustice. , Shame        ,2023-02-19 19:45:00, ReflectiveSelf  , Facebook , #Shame #Injustice                           ,15,30, India      ,2023,2,19,19
 fuming with anger after a heated argument.            , Anger        ,2023-02-20 09:30:00, AngryDebater    ,Twitter, #Anger #Argument                             ,20,40, Canada     ,2023,2,20,9
 the fear of the unknown is keeping me up at night.    , Fear         ,2023-02-20 21:15:00, FearfulDreamer  , Instagram , #Fear #Unknown                               ,15,30,USA,2023,2,20,21
 heartfelt sadness after bidding farewell to a dear friend. , Sadness      ,2023-02-21 14:45:00, FarewellHeart   , Facebook , #Sadness #Farewell                          ,25,50, India      ,2023,2,21,14
 the state of corruption in our society is utterly disgusting. , Disgust      ,2023-02-21 18:20:00, AntiCorruption  ,Twitter, #Disgust #Corruption                         ,18,35, UK         ,2023,2,21,18
 overflowing happiness: welcoming a new family member!  , Happiness    ,2023-02-22 10:00:00, NewParentJoy    , Instagram , #Happiness #NewFamilyMember                 ,30,60, UK           ,2023,2,22,10
 laughter is the key to joy—attending a stand-up comedy show. , Joy          ,2023-02-22 19:30:00, StandUpFan      , Facebook , #Joy #StandUpComedy                         ,22,45, Canada    ,2023,2,22,19
 sending love to all my followers on this beautiful day! ❤️ , Love         ,2023-02-23 08:30:00, LoveSender      ,Twitter, #Love #SpreadLove                            ,15,30, Australia  ,2023,2,23,8
 amused by the antics of my pet—it's pure amusement!      , Amusement    ,2023-02-23 14:20:00, PetAmuser       , Instagram , #Amusement #PetAntics                       ,18,35, UK           ,2023,2,23,14
 enjoying every moment of this trip—pure enjoyment!      , Enjoyment    ,2023-02-23 19:45:00, TravelExplorer  , Facebook , #Enjoyment #Travel                           ,25,50,USA,2023,2,23,19
 admiring the dedication of volunteers at a local charity. , Admiration   ,2023-02-24 11:30:00, CharityAdmirer  ,Twitter, #Admiration #Volunteers                     ,20,40,USA,2023,2,24,11
 sending affectionate vibes to friends and family.        , Affection    ,2023-02-24 16:00:00, FamilyLover     , Instagram , #Affection #FamilyLove                      ,15,30,USA,2023,2,24,16
 awe-struck by the beauty of the night sky.               , Awe          ,2023-02-24 20:30:00, Stargazer       , Facebook , #Awe #StarryNight                        ,22,45, Australia ,2023,2,24,20
 disappointed with the lack of progress in a personal project. , Disappointed ,2023-02-25 09:00:00, ProjectStruggle ,Twitter, #Disappointed #Project                     ,18,35, India      ,2023,2,25,9
 a surprise visit from an old friend brought tears of joy. , Surprise     ,2023-02-25 14:45:00, JoyfulReunion   , Instagram , #Surprise #OldFriends                       ,25,50,USA,2023,2,25,14
 embracing acceptance of life's ups and downs.           , Acceptance   ,2023-02-25 18:20:00, LifeAcceptance  , Facebook , #Acceptance #LifeJourney                   ,15,30, Canada     ,2023,2,25,18
 overflowing adoration for a cute rescue puppy! 🐶       , Adoration    ,2023-02-26 10:45:00, PuppyAdmirer    ,Twitter, #Adoration #PuppyLove                       ,22,45, UK         ,2023,2,26,10
 anticipating the release of a much-awaited movie.       , Anticipation ,2023-02-26 07:30:00, MovieBuff2      , Instagram , #Anticipation #MovieRelease                 ,20,40, Australia    ,2023,2,26,7
 bitter experience at the customer service department.   , Bitter       ,2023-02-26 15:00:00, CustomerWoes    , Facebook , #BitterExperience #CustomerService         ,18,35,USA,2023,2,26,15
 finding calmness amidst the chaos of daily life.        , Calmness     ,2023-02-27 09:30:00, CalmSoul        ,Twitter, #Calmness #InnerPeace                      ,15,30, India     ,2023,2,27,9
 confusion reigns as i try to make sense of recent events., Confusion    ,2023-02-27 14:20:00, ConfusedMind2   , Instagram , #Confusion #MakingSense                    ,25,50, UK   ,2023,2,27,14
 excitement building up for a surprise birthday party.   , Excitement   ,2023-02-27 18:45:00, BirthdayExcite  , Facebook , #Excitement #SurpriseParty                 ,22,45, Canada ,2023,2,27,18
 witnessed an act of kindness that made my day.          , Kind         ,2023-02-28 11:30:00, KindnessObserver,Twitter, #Kindness #ActsOfKindness                  ,20,40,USA,2023,2,28,11
 pride in completing a challenging fitness challenge.    , Pride        ,2023-02-28 16:00:00, FitAchiever     , Instagram , #Pride #FitnessChallengeCompleted          ,30,60, UK            ,2023,2,28,16
 a moment of shame for not speaking up against injustice., Shame        ,2023-02-28 19:45:00, ReflectiveSelf2 , Facebook , #Shame #Injustice                           ,15,30, India     ,2023,2,28,19
 reflecting on the beauty of diversity in our world.     , Acceptance   ,2023-03-01 10:45:00, DiversityLover  ,Twitter, #Acceptance #Diversity                      ,22,45, Australia ,2023,3,1,10
 excitement for a quiet evening with a good book.        , Excitement   ,2023-03-01 13:30:00, BookwormJoy     , Instagram , #Excitement #BookTime                       ,18,35,USA,2023,3,1,13
 feeling bitter about the unfairness in the workplace.   , Bitter       ,2023-03-01 17:45:00, WorkplaceWoes   ,Twitter, #Bitter #Unfairness                         ,15,30, Canada    ,2023,3,1,17
 calmness prevails as i practice mindfulness.            , Calmness     ,2023-03-02 18:00:00, MindfulMe       , Facebook , #Calmness #Mindfulness                      ,15,30, UK        ,2023,3,2,18
 confusion surrounds me as i navigate through life's choices. , Confusion ,2023-03-02 13:15:00, ConfusedMind3   , Instagram , #Confusion #LifeChoices                     ,30,60,USA,2023,3,2,13
 excitement for a weekend road trip to explore new places. , Excitement ,2023-03-02 16:45:00, RoadTripper2    ,Twitter, #Excitement #WeekendAdventure               ,25,50, India     ,2023,3,2,16
 kindness witnessed today restores my faith in humanity.  , Kind         ,2023-03-03 11:30:00, KindnessPrevails2, Facebook , #Kindness #HumanityRestored                 ,22,45,USA,2023,3,3,11
 pride in accomplishing personal and professional goals.  , Pride        ,2023-03-03 14:30:00, GoalAchiever    , Instagram , #Pride #Accomplishments                     ,12,25, Canada ,2023,3,3,14
 shame for not being true to my values in a difficult situation., Shame ,2023-03-03 12:00:00, ReflectiveSelf3 ,Twitter, #Shame #Integrity                           ,15,30, UK        ,2023,3,3,12
" revisiting old memories, feeling a sense of elation. ", Elation       ,2010-05-15 15:30:00, NostalgiaFan    ,Twitter, #Elation #Memories                             ,20,40, Canada    ,2010,5,15,15
 the victory of our team brought euphoria to the city. , Euphoria      ,2021-08-10 21:15:00, SportsFanatic   , Instagram , #Euphoria #Victory                             ,15,30,USA,2021,8,10,21
" embracing the beauty of nature, a moment of contentment. ", Contentment   ,2011-06-20 14:45:00, NatureLover2    , Facebook , #Contentment #Nature                           ,25,50, India       ,2011,6,20,14
" meditating by the serene lake, finding inner peace.   ", Serenity      ,2022-02-12 18:20:00, ZenMaster2      ,Twitter, #Serenity #Meditation                          ,18,35, UK          ,2022,2,12,18
 overflowing with gratitude for life's blessings.      , Gratitude     ,2012-11-25 10:00:00, ThankfulHeart   , Instagram , #Gratitude #Blessed                            ,30,60, Australia   ,2012,11,25,10
" hopeful for a brighter tomorrow, despite challenges.  ", Hope          ,2013-04-05 19:30:00, OptimisticSoul  , Facebook , #Hope #Optimism                                ,22,45,USA,2013,4,5,19
 empowered to make a difference in my community.        , Empowerment   ,2014-09-14 08:30:00, CommunityLeader ,Twitter, #Empowerment #Community                        ,15,30, UK       ,2014,9,14,8
 compassion in action: supporting a local charity event. , Compassion    ,2015-07-18 14:20:00, CharitySupporter, Instagram , #Compassion #CharityEvent                   ,18,35, Canada ,2015,7,18,14
" a moment of tenderness, connecting with loved ones.    ", Tenderness    ,2016-02-23 19:45:00, LovingHeart     , Facebook , #Tenderness #FamilyTime                       ,25,50, UK          ,2016,2,23,19
 arousal of excitement as i await a special announcement., Arousal       ,2017-10-30 11:30:00, ExcitementFan   ,Twitter, #Arousal #Excitement                           ,20,40, Australia ,2017,10,30,11
 enthusiastically diving into a new project.            , Enthusiasm    ,2018-06-15 16:00:00, ProjectEnthusiast, Instagram , #Enthusiasm #NewProject                       ,15,30,USA,2018,6,15,16
 feeling a sense of fulfillment after reaching a milestone., Fulfillment  ,2019-03-28 18:20:00, MilestoneAchiever, Facebook , #Fulfillment #Milestone                       ,22,45, India     ,2019,3,28,18
 reverence for the beauty of a historic landmark.       , Reverence     ,2019-11-11 15:00:00, HistoryLover    ,Twitter, #Reverence #History                           ,18,35, UK      ,2019,11,11,15
 elation after a surprise reunion with old friends.    , Elation       ,2020-04-02 09:30:00, JoyfulReunion2  , Instagram , #Elation #OldFriends                          ,25,50, Canada      ,2020,4,2,9
 the euphoria of a live music concert under the stars.  , Euphoria      ,2021-06-19 14:45:00, MusicEnthusiast , Facebook , #Euphoria #LiveMusic                          ,15,30,USA,2021,6,19,14
 contentment in the simplicity of a quiet sunday.       , Contentment   ,2010-08-15 10:00:00, SimpleJoys      ,Twitter, #Contentment #SundayMood                      ,30,60, Australia ,2010,8,15,10
 serenity found in the pages of a favorite book.        , Serenity      ,2011-09-22 19:30:00, BookLover3      , Instagram , #Serenity #BookTime                           ,22,45, UK          ,2011,9,22,19
 gratitude for the support received during tough times. , Gratitude     ,2012-03-10 08:30:00, SupportiveFriend, Facebook , #Gratitude #Supportive                        ,15,30, India     ,2012,3,10,8
 hopeful about the possibilities of a new journey.      , Hope          ,2013-12-05 16:00:00, JourneyOptimist ,Twitter, #Hope #NewBeginnings                          ,18,35, Canada    ,2013,12,5,16
 empowerment through learning and personal growth.      , Empowerment   ,2014-07-20 11:30:00, GrowthSeeker    , Instagram , #Empowerment #PersonalGrowth                  ,25,50,USA,2014,7,20,11
 compassion towards those in need during the holidays.  , Compassion    ,2015-12-22 14:20:00, HolidayHelper   , Facebook , #Compassion #HolidaySupport                   ,18,35,USA,2015,12,22,14
 tenderness in the warmth of a cozy winter evening.     , Tenderness    ,2016-02-10 19:45:00, WinterWarmth    ,Twitter, #Tenderness #CozyEvening                     ,25,50, UK       ,2016,2,10,19
 arousal of excitement for an upcoming adventure.       , Arousal       ,2017-04-30 11:30:00, AdventureAwaits , Instagram , #Arousal #AdventureTime                       ,20,40, Australia ,2017,4,30,11
 enthusiasm for a creative project in the making.       , Enthusiasm    ,2018-09-15 16:00:00, CreativeSpirit  , Facebook , #Enthusiasm #Creativity                       ,15,30, Canada    ,2018,9,15,16
 fulfillment in completing a challenging workout routine., Fulfillment  ,2019-06-28 18:20:00, FitnessAchiever ,Twitter, #Fulfillment #FitnessGoals                   ,22,45, India     ,2019,6,28,18
 reverence for the artistry displayed in a museum.      , Reverence     ,2020-11-11 15:00:00, ArtAppreciator  , Instagram , #Reverence #ArtAppreciation                  ,18,35, UK        ,2020,11,11,15
 elation after achieving a personal goal.               , Elation       ,2021-03-02 09:30:00, GoalAchiever2   , Facebook , #Elation #PersonalAchievement                ,25,50,USA,2021,3,2,9
 elation over discovering a hidden gem in the city.   , Elation       ,2012-02-18 14:30:00, UrbanExplorer2  ,Twitter, #Elation #HiddenGem                            ,20,40,USA,2012,2,18,14
 the euphoria of a surprise birthday celebration.     , Euphoria      ,2018-11-05 21:45:00, BirthdayJoy     , Instagram , #Euphoria #BirthdaySurprise                   ,15,30, UK   ,2018,11,5,21
 contentment in the simplicity of a home-cooked meal. , Contentment   ,2015-09-12 13:20:00, HomeChef        , Facebook , #Contentment #HomeCooking                     ,25,50, India    ,2015,9,12,13
 serenity found in the melody of a peaceful piano.    , Serenity      ,2016-07-30 18:10:00, MusicLover4     ,Twitter, #Serenity #PeacefulMelody                    ,18,35, Canada      ,2016,7,30,18
 gratitude for the supportive community around me.    , Gratitude     ,2013-04-20 10:30:00, CommunityLove   , Instagram , #Gratitude #CommunitySupport                   ,30,60,USA,2013,4,20,10
 hopeful about the prospects of a new business venture., Hope          ,2017-12-08 19:15:00, EntrepreneurHope, Facebook , #Hope #BusinessVenture                        ,22,45, Canada    ,2017,12,8,19
 empowerment through mentoring and guiding others.    , Empowerment   ,2014-06-03 08:20:00, MentorEmpower   ,Twitter, #Empowerment #Mentorship                      ,15,30, UK       ,2014,6,3,8
 compassion shown through acts of kindness in the community., Compassion,2019-01-15 14:50:00, KindnessInAction, Instagram , #Compassion #CommunityKindness               ,18,35, Australia ,2019,1,15,14
 tenderness in a heartfelt message to a loved one.    , Tenderness    ,2016-12-25 19:30:00, LoveExpress     , Facebook , #Tenderness #LoveNote                         ,25,50, UK          ,2016,12,25,19
 arousal of excitement before a much-awaited trip.    , Arousal       ,2018-03-10 09:45:00, TravelExcitement,Twitter, #Arousal #TravelAdventure                     ,20,40, India    ,2018,3,10,9
 enthusiasm for a new artistic project in the works.  , Enthusiasm    ,2020-09-17 16:30:00, ArtisticSpirit  , Instagram , #Enthusiasm #ArtisticProject                 ,15,30,USA,2020,9,17,16
 feeling a sense of fulfillment after helping others. , Fulfillment   ,2011-08-28 18:45:00, HelperHeart     , Facebook , #Fulfillment #HelpingOthers                  ,22,45, Canada    ,2011,8,28,18
 reverence for the historical significance of a landmark., Reverence ,2017-11-01 15:30:00, HistoryBuff     ,Twitter, #Reverence #HistoricalSite                   ,18,35, Australia ,2017,11,1,15
 elation after achieving a fitness milestone.         , Elation       ,2019-06-15 10:00:00, FitnessAchiever2, Instagram , #Elation #FitnessMilestone                   ,25,50, UK           ,2019,6,15,10
 the euphoria of a successful product launch.         , Euphoria      ,2022-04-03 11:45:00, ProductLaunchJoy, Facebook , #Euphoria #ProductLaunchSuccess              ,15,30,USA,2022,4,3,11
 contentment in the embrace of a loved one.           , Contentment   ,2010-11-12 20:20:00, LovingEmbrace   ,Twitter, #Contentment #Love                             ,30,60, India    ,2010,11,12,20
 serenity found in the beauty of a sunset by the sea.  , Serenity      ,2011-07-22 18:30:00, SunsetWatcher2  , Instagram , #Serenity #SunsetViews                       ,22,45, Canada     ,2011,7,22,18
 gratitude for the small joys that each day brings.   , Gratitude     ,2012-03-30 11:20:00, JoyfulHeart2    , Facebook , #Gratitude #SmallJoys                        ,15,30, Australia   ,2012,3,30,11
 hopeful about the potential for personal growth.      , Hope          ,2013-10-05 16:40:00, GrowthOptimist  ,Twitter, #Hope #PersonalDevelopment                    ,18,35, UK       ,2013,10,5,16
 empowerment through learning a new skill.            , Empowerment   ,2014-07-10 13:15:00, SkillEmpower    , Instagram , #Empowerment #SkillBuilding                   ,25,50, India   ,2014,7,10,13
 compassion in volunteering for a local charity.       , Compassion    ,2015-12-18 14:20:00, CharityVolunteer, Facebook , #Compassion #VolunteerWork                   ,18,35,USA,2015,12,18,14
 tenderness in a quiet moment shared with a pet.      , Tenderness    ,2016-02-10 19:45:00, PetLove         ,Twitter, #Tenderness #PetLove                          ,25,50, Canada   ,2016,2,10,19
 arousal of excitement for an upcoming festival.       , Arousal       ,2017-09-25 11:30:00, FestivalFan     , Instagram , #Arousal #FestivalExcitement               ,20,40, UK ,2017,9,25,11
 enthusiasm for a diy home improvement project.       , Enthusiasm    ,2018-04-15 16:00:00, DIYEnthusiast   , Facebook , #Enthusiasm #HomeImprovement                 ,15,30, Australia   ,2018,4,15,16
 fulfillment in completing a challenging puzzle.      , Fulfillment   ,2019-11-28 18:20:00, PuzzleMaster    ,Twitter, #Fulfillment #PuzzleChallenge                ,22,45, India    ,2019,11,28,18
 reverence for the wonders of nature on a hiking trail., Reverence ,2020-05-11 15:00:00, NatureAdmirer   , Instagram , #Reverence #NatureExploration                ,18,35,USA,2020,5,11,15
 elation after a surprise reunion with a childhood friend., Elation   ,2021-02-05 09:30:00, ChildhoodJoy    , Facebook , #Elation #FriendshipReunion                  ,25,50, Canada      ,2021,2,5,9
 suffering from despair after another setback.      , Despair         ,2021-03-10 08:30:00, StrugglingSoul    ,Twitter, #Despair #Struggle                              ,5,10,USA,2021,3,10,8
" overwhelmed by grief, missing a loved one dearly.  ", Grief           ,2022-07-05 15:45:00, MourningHeart     , Instagram , #Grief #Loss                                   ,8,15, Canada          ,2022,7,5,15
 loneliness creeps in as the night grows colder.    , Loneliness      ,2019-11-18 21:20:00, SolitarySoul      , Facebook , #Loneliness #Isolation                         ,10,20, UK           ,2019,11,18,21
 jealousy consumes me as i witness others' success. , Jealousy        ,2020-08-12 11:30:00, EnviousObserver   ,Twitter, #Jealousy #Envy                               ,12,25, India        ,2020,8,12,11
 resentment building up over past betrayals.        , Resentment      ,2018-05-22 14:45:00, BitterHeart       , Instagram , #Resentment #Bitterness                       ,7,15, Australia     ,2018,5,22,14
 frustration mounts as obstacles block my path.     , Frustration     ,2017-01-30 16:10:00, BlockedGoals      , Facebook , #Frustration #Obstacles                       ,10,20,USA,2017,1,30,16
" boredom sets in, the day feels endlessly dull.     ", Boredom         ,2016-09-28 19:45:00, BoredMind         ,Twitter, #Boredom #LackOfInterest                     ,8,15, Canada        ,2016,9,28,19
" anxiety grips my heart, worry clouds my thoughts.  ", Anxiety         ,2019-04-15 09:00:00, WorriedMind       , Instagram , #Anxiety #Worry                               ,12,25, UK           ,2019,4,15,9
 intimidation by the unknown future ahead.          , Intimidation    ,2021-12-03 18:30:00, FearfulSoul       , Facebook , #Intimidation #Fear                           ,15,30, India        ,2021,12,3,18
 helplessness sinks in as challenges pile up.       , Helplessness    ,2020-06-20 14:20:00, OverwhelmedHeart  ,Twitter, #Helplessness #Overwhelmed                    ,8,15, Australia    ,2020,6,20,14
 envy eats away at me as i see others' prosperity.  , Envy            ,2018-11-07 11:30:00, CovetousMind     , Instagram , #Envy #Desire                                ,10,20, Canada        ,2018,11,7,11
 regret over missed opportunities haunts my thoughts., Regret         ,2017-08-25 16:00:00, RemorsefulSoul   , Facebook , #Regret #MissedChances                       ,12,25, UK           ,2017,8,25,16
 disgust at the sight of injustice and cruelty.     , Disgust         ,2019-02-11 09:45:00, DisgustedHeart   ,Twitter, #Disgust #Injustice                          ,7,15, India        ,2019,2,11,9
" drowning in despair, hope slipping through my fingers.", Despair      ,2016-04-02 20:20:00, HopelessHeart    , Instagram , #Despair #Hopeless                           ,10,20,USA,2016,4,2,20
" grief weighs heavy, tears a constant companion.    ", Grief           ,2015-10-18 15:30:00, TearfulSoul      , Facebook , #Grief #Tears                                ,12,25, Canada        ,2015,10,18,15
" loneliness in a crowded room, a silent cry for connection.", Loneliness ,2019-07-12 18:10:00, IsolatedMind     ,Twitter, #Loneliness #SeekingConnection              ,15,30, UK            ,2019,7,12,18
" jealousy gnaws at my confidence, a toxic emotion.  ", Jealousy        ,2018-06-03 16:30:00, SelfDoubt        , Instagram , #Jealousy #Insecurity                       ,8,15, India         ,2018,6,3,16
" resentment festers, poisoning relationships.       ", Resentment      ,2022-01-15 12:00:00, BrokenTrust      , Facebook , #Resentment #BrokenTrust                     ,10,20, Australia    ,2022,1,15,12
" frustration boils over, a volcanic eruption of emotions.", Frustration ,2017-04-10 14:45:00, ExplosiveMind    ,Twitter, #Frustration #EmotionalOutburst             ,12,25,USA,2017,4,10,14
" boredom settles like dust, life feels mundane.     ", Boredom         ,2016-11-28 19:00:00, MundaneHeart     , Instagram , #Boredom #Monotony                          ,7,15, Canada        ,2016,11,28,19
" anxiety grips my chest, a relentless grip on my thoughts.", Anxiety   ,2018-09-05 09:30:00, RestlessMind     , Facebook , #Anxiety #Restlessness                      ,10,20, UK            ,2018,9,5,9
" intimidation by the challenges ahead, fear takes hold.", Intimidation ,2021-10-22 18:30:00, FearfulJourney   ,Twitter, #Intimidation #FacingFear                   ,15,30, India         ,2021,10,22,18
" helplessness engulfs me, drowning in a sea of problems.", Helplessness ,2019-05-08 14:20:00, OverwhelmedSoul  , Instagram , #Helplessness #Struggling                   ,8,15, Australia    ,2019,5,8,14
" envy poisons my thoughts, coveting others' success.", Envy            ,2017-03-20 11:30:00, GreenEyedMonster , Facebook , #Envy #Success                              ,10,20, Canada        ,2017,3,20,11
 regret for decisions that led to a painful present., Regret         ,2018-12-15 16:00:00, RegretfulMind    ,Twitter, #Regret #PastChoices                        ,12,25,USA,2018,12,15,16
 disgust at the corruption that stains society.     , Disgust         ,2016-07-01 09:45:00, CorruptedHeart   , Instagram , #Disgust #Corruption                        ,7,15, UK            ,2016,7,1,9
" sinking in despair, each day darker than the last. ", Despair         ,2020-08-20 20:20:00, DrowningSoul     , Facebook , #Despair #DarkDays                          ,10,20, India         ,2020,8,20,20
" grief overwhelms, a storm of emotions within.      ", Grief           ,2021-02-25 15:30:00, StormyHeart      ,Twitter, #Grief #EmotionalStorm                      ,12,25, Canada        ,2021,2,25,15
" loneliness echoes in empty spaces, yearning for connection.", Loneliness ,2019-09-12 18:10:00, EchoingSoul     , Instagram , #Loneliness #YearningForConnection         ,15,30, Australia     ,2019,9,12,18
" jealousy poisons my thoughts, resentment brewing within.", Jealousy    ,2018-08-05 16:30:00, PoisonedMind    , Facebook , #Jealousy #Resentment                       ,8,15,USA,2018,8,5,16
" resentment festers, a wound that refuses to heal.  ", Resentment      ,2017-01-12 12:00:00, UnforgivingSoul  ,Twitter, #Resentment #Unforgiving                    ,10,20, India         ,2017,1,12,12
" frustration escalates, a thunderstorm of emotions. ", Frustration     ,2022-04-05 14:45:00, ThunderingMind   , Instagram , #Frustration #EmotionalOutburst            ,12,25, UK            ,2022,4,5,14
" boredom lingers, a stagnant pool of indifference.  ", Boredom         ,2021-10-02 19:00:00, StagnantHeart    , Facebook , #Boredom #Stagnation                        ,7,15, Canada        ,2021,10,2,19
" embarking on a journey of discovery, fueled by curiosity and a thirst for knowledge. ", Curiosity       ,2023-04-15 10:15:00, InquisitiveMind   ,Twitter, #Curiosity #Learning                        ,15,30,USA,2023,4,15,10
" lost in the vast sea of information, an indifferent wave in the digital ocean. ", Indifference    ,2022-11-28 17:30:00, ApatheticObserver , Instagram , #Indifference #DigitalOverload              ,7,15, Canada          ,2022,11,28,17
" the complex puzzle of life leaves me in a state of perpetual confusion, seeking answers in the chaos. ", Confusion       ,2020-04-02 09:45:00, SeekingClarity    , Facebook , #Confusion #LifePuzzle                     ,10,20, UK           ,2020,4,2,9
" a numbness settles over me, a shield against the overwhelming emotions life throws my way. ", Numbness        ,2021-08-10 14:00:00, EmotionallyDistant ,Twitter, #Numbness #EmotionalShield                 ,8,15, India        ,2021,8,10,14
" gazing at the sunset, a melancholic longing for moments that slip through the fingers of time. ", Melancholy      ,2019-06-18 20:45:00, SunsetDreamer     , Instagram , #Melancholy #SunsetMoments                 ,12,25, Australia     ,2019,6,18,20
" revisiting old photographs, caught in the embrace of nostalgia's bittersweet symphony. ", Nostalgia       ,2018-02-05 15:15:00, MemoryLaneTraveler , Facebook , #Nostalgia #MemoryLane                     ,10,20,USA,2018,2,5,15
" torn between conflicting emotions, an ambivalence that paints my decisions in shades of uncertainty. ", Ambivalence     ,2022-05-30 11:30:00, MixedFeelings     ,Twitter, #Ambivalence #UncertainChoices             ,12,25, Canada        ,2022,5,30,11
" embracing the ebb and flow of life, finding acceptance in the dance of existence. ", Acceptance      ,2023-01-10 16:20:00, ZenLifestyle      , Instagram , #Acceptance #LifeJourney                   ,15,30, UK           ,2023,1,10,16
" facing challenges head-on, a determination that fuels the fire within to achieve the impossible. ", Determination   ,2020-09-18 13:45:00, ResilientSpirit   , Facebook , #Determination #AchieveTheImpossible       ,10,20, India        ,2020,9,18,13
" serenity found in the stillness of nature, a tranquil retreat from the chaos of the modern world. ", Serenity        ,2021-07-03 19:00:00, NatureSoul        ,Twitter, #Serenity #NatureRetreat                   ,12,25, Australia    ,2021,7,3,19
" curiosity leading me down the rabbit hole of knowledge, a perpetual student in life's classroom. ", Curiosity       ,2022-10-08 08:15:00, EternalLearner    , Instagram , #Curiosity #KnowledgeQuest                ,20,40,USA,2022,10,8,8
" floating through the day with an air of indifference, detached from the mundane happenings around. ", Indifference    ,2023-03-22 16:30:00, AloofObserver     , Facebook , #Indifference #FloatingThroughLife        ,10,20, Canada        ,2023,3,22,16
" entangled in the web of thoughts, confusion reigning as i navigate the labyrinth of ideas. ", Confusion       ,2021-05-15 11:45:00, ThoughtExplorer   ,Twitter, #Confusion #ThoughtLabyrinth              ,15,30, UK            ,2021,5,15,11
" numb to the chaos, emotions locked away, a stoic facade concealing the inner turmoil. ", Numbness        ,2019-12-28 14:30:00, StoicSoul         , Instagram , #Numbness #StoicFacade                    ,8,15, Australia     ,2019,12,28,14
" melancholy whispers in the breeze, a silent conversation with the echoes of forgotten dreams. ", Melancholy      ,2020-03-01 19:00:00, DreamerInSilence  , Facebook , #Melancholy #WhispersInTheBreeze         ,12,25, India         ,2020,3,1,19
" stumbling upon an old journal, nostalgia flooding in waves, carrying me to moments long gone. ", Nostalgia       ,2018-07-10 15:45:00, JournalKeeper     ,Twitter, #Nostalgia #JournalMoments               ,10,20, Canada        ,2018,7,10,15
" a tapestry of conflicting feelings, weaving through uncertainty, caught in the threads of ambivalence. ", Ambivalence     ,2022-01-05 10:30:00, ThreadWeaver      , Instagram , #Ambivalence #ConflictingFeelings        ,12,25, UK            ,2022,1,5,10
" embracing the flaws, finding acceptance in imperfection, a journey towards self-love. ", Acceptance      ,2021-08-20 16:20:00, SelfLoveAdvocate  , Facebook , #Acceptance #SelfLoveJourney              ,15,30, Australia    ,2021,8,20,16
" determination burning like a wildfire, overcoming obstacles, turning dreams into reality. ", Determination   ,2019-11-03 13:45:00, DreamChaser       ,Twitter, #Determination #DreamsIntoReality        ,18,35,USA,2019,11,3,13
" tranquil moments by the ocean, serenity washing over, a peaceful retreat within the waves' embrace. ", Serenity        ,2020-04-12 19:30:00, OceanSoul         , Instagram , #Serenity #OceanRetreat                   ,25,50, Canada        ,2020,4,12,19
" exploring new horizons with the spark of curiosity, an adventurer in the vast landscape of knowledge. ", Curiosity       ,2022-04-15 08:45:00, HorizonExplorer   , Facebook , #Curiosity #NewHorizons                  ,22,45, India         ,2022,4,15,8
" drifting through the day with a nonchalant demeanor, embracing the art of indifference. ", Indifference    ,2023-02-10 17:00:00, NonchalantSpirit  ,Twitter, #Indifference #DriftingThroughLife       ,9,18, UK            ,2023,2,10,17
" wrestling with thoughts, a perplexed mind lost in the labyrinth of life's complexities. ", Confusion       ,2020-08-05 12:15:00, ComplexThinker    , Instagram , #Confusion #PerplexedMind                ,14,28, Australia    ,2020,8,5,12
" immersed in a state of emotional numbness, a shield against the storm of daily struggles. ", Numbness        ,2021-12-01 15:30:00, ShieldedHeart     , Facebook , #Numbness #EmotionalShield               ,10,20,USA,2021,12,1,15
" a melancholic symphony playing in the background, the soundtrack of a wistful heart. ", Melancholy      ,2019-03-25 21:00:00, SymphonySoul      ,Twitter, #Melancholy #WistfulHeart                ,13,26, Canada        ,2019,3,25,21
" flipping through the pages of an old yearbook, nostalgia painting smiles and tears on my face. ", Nostalgia       ,2017-06-18 14:45:00, YearbookExplorer  , Instagram , #Nostalgia #YearbookMemories            ,12,25, India         ,2017,6,18,14
" torn between opposing emotions, an ambivalence that colors my decisions with shades of uncertainty. ", Ambivalence     ,2022-07-08 11:30:00, DecisiveDilemma   , Facebook , #Ambivalence #ShadesOfUncertainty       ,15,30, Australia    ,2022,7,8,11
" embracing life's imperfections, finding acceptance in the journey, scars and all. ", Acceptance      ,2023-05-15 16:20:00, ImperfectHarmony  ,Twitter, #Acceptance #ImperfectJourney            ,18,36, Canada        ,2023,5,15,16
" a fiery determination burning within, fueled by the vision of reaching unparalleled heights. ", Determination   ,2021-09-10 14:45:00, VisionarySpirit   , Instagram , #Determination #UnparalleledHeights      ,20,40, UK            ,2021,9,10,14
" basking in the serenity of a quiet forest, where the whispers of nature bring peace to the soul. ", Serenity        ,2020-02-28 18:30:00, ForestDreamer     , Facebook , #Serenity #NatureWhispers                ,25,50,USA,2020,2,28,18
" indifferent to the noise of the world, a silent observer in the midst of life's cacophony. ", Indifference    ,2023-03-10 16:30:00, SilentSpectator   , Instagram , #Indifference #SilentObserver            ,9,18, India         ,2023,3,10,16
" navigating through the labyrinth of thoughts, confusion a constant companion in the maze of ideas. ", Confusion       ,2021-05-02 11:45:00, MazeNavigator     , Facebook , #Confusion #ThoughtLabyrinth              ,14,28, Australia    ,2021,5,2,11
" an impenetrable numbness shields me from the emotional storms, a fortress of stoic resilience. ", Numbness        ,2019-10-18 14:30:00, ResilientFortress ,Twitter, #Numbness #StoicResilience               ,11,22, UK            ,2019,10,18,14
" melancholy painting the world in hues of nostalgia, a canvas of bittersweet memories. ", Melancholy      ,2020-01-05 20:00:00, CanvasDreamer     , Instagram , #Melancholy #BittersweetMemories         ,13,26,USA,2020,1,5,20
" a journey into the past, flipping through the pages of an old diary, nostalgia taking the lead. ", Nostalgia       ,2018-08-10 15:45:00, DiaryExplorer     , Facebook , #Nostalgia #DiaryJourney                 ,12,25, Canada        ,2018,8,10,15
" ambivalence clouding decisions, caught in the crossroads of conflicting emotions. ", Ambivalence     ,2022-01-15 10:30:00, CrossroadsTraveler ,Twitter, #Ambivalence #ConflictingEmotions        ,15,30, India         ,2022,1,15,10
" embracing imperfections, finding acceptance in the mosaic of life's beautiful chaos. ", Acceptance      ,2021-07-20 16:20:00, MosaicDreamer     , Instagram , #Acceptance #BeautifulChaos              ,18,36, Australia     ,2021,7,20,16
" determination as the driving force, propelling me forward on the path to extraordinary achievements. ", Determination   ,2019-12-03 13:45:00, PathfinderSpirit  , Facebook , #Determination #ExtraordinaryPath        ,20,40,USA,2019,12,3,13
" seeking serenity in the melody of raindrops, a tranquil escape from the noise of everyday life. ", Serenity        ,2020-04-12 19:30:00, RaindropHarmony   ,Twitter, #Serenity #RaindropMelody                ,25,50, Canada        ,2020,4,12,19
" curiosity driving the exploration of the unknown, a seeker of knowledge in uncharted territories. ", Curiosity       ,2022-05-08 08:45:00, SeekerOfUnknowns  , Instagram , #Curiosity #SeekerOfKnowledge            ,22,45, UK            ,2022,5,8,8
" drifting through the day with an air of nonchalance, indifferent to the trivialities of life. ", Indifference    ,2023-02-22 17:00:00, NonchalantWanderer, Facebook , #Indifference #DriftingThroughLife       ,9,18, India         ,2023,2,22,17
" lost in the labyrinth of thoughts, confusion casting shadows on the quest for clarity. ", Confusion       ,2020-06-05 12:15:00, ShadowedSeeker    ,Twitter, #Confusion #LabyrinthOfThoughts          ,14,28, Australia    ,2020,6,5,12
" wrapped in the cloak of emotional numbness, a shield against the storms of life's turbulence. ", Numbness        ,2021-11-30 15:30:00, TurbulentShield   , Instagram , #Numbness #EmotionalStorms               ,10,20, Canada        ,2021,11,30,15
" melancholy as a companion, painting the canvas of life with the brushstrokes of wistful yearning. ", Melancholy      ,2019-02-25 21:00:00, WistfulPainter    , Facebook , #Melancholy #WistfulYearning             ,13,26, UK            ,2019,2,25,21
" leafing through the pages of an old photo album, nostalgia weaving tales of laughter and tears. ", Nostalgia       ,2017-05-18 14:45:00, TaleWeaver        ,Twitter, #Nostalgia #PhotoAlbumStories            ,12,25,USA,2017,5,18,14
" ambivalence in the air, caught between the crossroads of conflicting emotions and decisions. ", Ambivalence     ,2022-08-05 11:30:00, CrossroadsExplorer, Instagram , #Ambivalence #CrossroadsConfusion        ,15,30, Canada        ,2022,8,5,11
" embracing the beauty in imperfections, finding acceptance in the mosaic of life's unpredictable art. ", Acceptance      ,2023-06-15 16:20:00, MosaicArtist      , Facebook , #Acceptance #UnpredictableArt            ,18,36, Australia    ,2023,6,15,16
" determination ablaze, forging a path through challenges, sculpting dreams into tangible realities. ", Determination   ,2021-10-10 14:45:00, DreamSculptor     ,Twitter, #Determination #SculptingDreams          ,20,40, UK            ,2021,10,10,14
" immerse in the serenity of a moonlit night, where the quiet whispers of nature bring peace to the soul. ", Serenity        ,2020-05-12 19:30:00, MoonlitSoul       , Instagram , #Serenity #MoonlitPeace                  ,25,50,USA,2020,5,12,19
" fueled by curiosity, venturing into uncharted realms, a fearless explorer of the mysteries of the world. ", Curiosity       ,2022-12-01 09:15:00, FearlessExplorer  , Facebook , #Curiosity #FearlessExplorer              ,22,44, India         ,2022,12,1,9
"wrapped in the cloak of emotional numbness, a shield against the storms of life's turbulence. ", Numbness ,2021-11-30 15:30:00, TurbulentShield , Instagram , #Numbness #EmotionalStorms ,10,20, Canada ,2021,11,30,15
" dancing through life with the exuberance of a carefree spirit, embracing joy and zest at every turn. ", Zest ,2018-07-12 17:45:00, JoyfulDancer ,Twitter, #Zest #CarefreeSpirit ,15,30,USA,2018,7,12,17
" basking in the golden glow of contentment, a serene river flowing through the landscape of the heart. ", Contentment ,2020-09-05 20:10:00, SereneBasker , Facebook , #Contentment #GoldenGlow ,18,36, Australia ,2020,9,5,20
" gazing towards the horizon with hopeful eyes, painting a canvas of dreams illuminated by the sun of optimism. ", Hopeful ,2022-04-18 08:00:00, DreamPainter , Instagram , #Hopeful #CanvasOfDreams ,12,24, India ,2022,4,18,8
" standing tall, proud as an oak, the branches of achievement reaching towards the sky of accomplishment. ", Proud ,2019-12-10 12:20:00, OakAchiever ,Twitter, #Proud #BranchesOfAchievement ,25,50, Canada ,2019,12,10,12
" a heart overflowing with gratitude, a garden where appreciation blooms in the soil of kindness and connection. ", Grateful ,2023-02-28 09:45:00, HeartGardener , Facebook , #Grateful #BlossomingConnection ,20,40,USA,2023,2,28,9
" extending a hand, empathetic threads weaving a tapestry of understanding, embracing the joys and sorrows of others. ", Empathetic ,2018-04-03 14:15:00, ThreadWeaver , Instagram , #Empathetic #TapestryOfUnderstanding ,15,30, UK ,2018,4,3,14
" compassionate clouds, heavy with care, showering empathy on the parched grounds of human suffering. ", Compassionate ,2022-06-20 10:30:00, CloudCaretaker ,Twitter, #Compassionate #ShowerOfEmpathy ,18,36, Australia ,2022,6,20,10
" playfully dancing in the rain of laughter, a whimsical spirit twirling in the puddles of joy and lightheartedness. ", Playful ,2020-07-08 18:00:00, RainDancer , Facebook , #Playful #DanceInTheRain ,22,44, Canada ,2020,7,8,18
" soaring on the wings of a free spirit, unburdened by the chains of conformity, painting the sky with independence. ", Free-spirited ,2021-08-15 11:10:00, SkyPainter , Instagram , #FreeSpirit #PaintingTheSky ,20,40, India ,2021,8,15,11
" bathed in the glow of inspiration, a creative phoenix rising from the ashes of ordinary thoughts to explore new realms. ", Inspired ,2019-10-25 16:50:00, PhoenixExplorer ,Twitter, #Inspired #CreativePhoenix ,15,30, UK ,2019,10,25,16
" navigating the sea of hope, sailing towards the sunrise of possibilities, confident in the ship of positive anticipation. ", Hopeful ,2023-10-05 07:30:00, SunriseNavigator , Facebook , #Hopeful #SunriseOfPossibilities ,12,24,USA,2023,10,5,7
" striding with confidence, footprints of self-assuredness imprinted on the sands of challenges conquered and victories claimed. ", Confident ,2022-02-15 13:15:00, SandStrider , Instagram , #Confident #FootprintsOfAssuredness ,25,50, Australia ,2022,2,15,13
" lost in the symphony of the night, a moonlit serenade that whispers tales of wanderlust and moonlit dreams. ", Serenity ,2021-05-08 22:00:00, NightSerenader ,Twitter, #Serenity #MoonlitSerenade ,13,26, Canada ,2021,5,8,22
" unveiling the layers of curiosity, a labyrinth of questions leading to the treasure troves of undiscovered knowledge. ", Curiosity ,2020-11-29 14:45:00, KnowledgeSeeker , Instagram , #Curiosity #LabyrinthOfQuestions ,17,34,USA,2020,11,29,14
" in the embrace of the autumn breeze, leaves of ambivalence dancing in a waltz between choices and uncertainties. ", Ambivalence ,2019-09-14 10:20:00, BreezeWaltzer , Facebook , #Ambivalence #AutumnWaltz ,14,28, UK ,2019,9,14,10
" gratitude as a guiding star, navigating the constellation of blessings in the vast universe of life's precious moments. ", Grateful ,2022-03-12 19:55:00, StarNavigator ,Twitter, #Grateful #GuidingStar ,19,38, Australia ,2022,3,12,19
" with a zestful heart, sprinting through fields of enthusiasm, chasing sunbeams and laughter in the meadows of joy. ", Zest ,2023-03-30 16:30:00, MeadowSprinter , Instagram , #Zest #FieldsOfEnthusiasm ,16,32, India ,2023,3,30,16
" a compassionate rain, tears of empathy falling gently, nurturing the seeds of kindness in the garden of human connections. ", Compassionate ,2021-07-01 12:10:00, RainNurturer , Facebook , #Compassionate #TearsOfEmpathy ,21,42, Canada ,2021,7,1,12
" proudly scaling the peaks of achievement, a mountaineer conquering challenges and planting the flag of success. ", Proud ,2020-01-05 08:45:00, PeakConqueror ,Twitter, #Proud #ScalingPeaks ,23,46,USA,2020,1,5,8
" embraced by the hopeful dawn, a gardener sowing seeds of optimism, tending to the blooms of a brighter tomorrow. ", Hopeful ,2022-07-17 06:15:00, DawnGardener , Instagram , #Hopeful #SeedsOfOptimism ,14,28, UK ,2022,7,17,6
" a playful escapade in the carnival of life, carousel laughter and cotton candy dreams swirling in the joyous atmosphere. ", Playful ,2018-08-22 17:20:00, CarnivalDreamer , Facebook , #Playful #CarnivalEscapade ,24,48, Australia ,2018,8,22,17
" floating on clouds of inspiration, an artist painting the sky with strokes of creativity, creating a masterpiece of dreams. ", Inspired ,2021-12-08 14:30:00, SkyArtist ,Twitter, #Inspired #CloudsOfCreativity ,18,36, India ,2021,12,8,14
" navigating the river of contentment, a serene boat cruise through the tranquil waters of inner peace and acceptance. ", Contentment ,2019-04-27 09:50:00, RiverNavigator , Instagram , #Contentment #TranquilWaters ,20,40, Canada ,2019,4,27,9
" with empathy as a lantern, wandering through the dark alleys of sorrow, illuminating the path with compassion and care. ", Empathetic ,2023-09-03 21:40:00, LanternWanderer , Facebook , #Empathetic #LanternOfCompassion ,16,32,USA,2023,9,3,21
" a free spirit soaring on the wings of dreams, leaving trails of independence in the azure sky of boundless possibilities. ", Free-spirited ,2020-06-10 10:05:00, DreamSoarer ,Twitter, #FreeSpirit #WingsOfDreams ,22,44, UK ,2020,6,10,10
" bathed in the golden hues of gratefulness, a sunset of appreciation casting its warm glow on the landscapes of the heart. ", Grateful ,2022-04-01 18:30:00, SunsetAdmirer , Instagram , #Grateful #GoldenHues ,19,38, Australia ,2022,4,1,18
" confident strides in the dance of life, a ballroom where self-assuredness leads, twirling through challenges with grace. ", Confident ,2021-01-15 13:00:00, DanceStrider , Facebook , #Confident #DanceOfLife ,23,46, Canada ,2021,1,15,13
" hopeful whispers of wind, carrying the promises of a brighter tomorrow, a symphony of optimism in the air of possibilities. ", Hopeful ,2023-05-06 07:20:00, WindWhisperer ,Twitter, #Hopeful #BrighterTomorrows ,15,30, India ,2023,5,6,7
" playfully juggling responsibilities, a circus performer balancing the acts of work and joy, tossing laughter into the air. ", Playful ,2019-11-18 15:15:00, JugglingArtist , Instagram , #Playful #JugglingResponsibilities ,25,50,USA,2019,11,18,15
" whispering tales of inspiration to the stars, a storyteller crafting constellations from the threads of imagination. ", Inspired ,2020-08-29 20:45:00, StarStoryteller , Facebook , #Inspired #TalesToTheStars ,14,28, UK ,2020,8,29,20
" charting a course through the waves of hopeful anticipation, a sailor steering towards the shores of dreams yet unexplored. ", Hopeful ,2022-10-30 11:40:00, WaveNavigator ,Twitter, #Hopeful #SailorOfDreams ,17,34, Australia ,2022,10,30,11
" a compassionate rain, tears of empathy falling gently, nurturing the seeds of kindness in the garden of human connections. ", Compassionate ,2021-07-01 12:10:00, RainNurturer , Instagram , #Compassionate #TearsOfEmpathy ,21,42, Canada ,2021,7,1,12
" proudly scaling the peaks of achievement, a mountaineer conquering challenges and planting the flag of success. ", Proud ,2020-01-05 08:45:00, PeakConqueror ,Twitter, #Proud #ScalingPeaks ,23,46,USA,2020,1,5,8
" embraced by the hopeful dawn, a gardener sowing seeds of optimism, tending to the blooms of a brighter tomorrow. ", Hopeful ,2022-07-17 06:15:00, DawnGardener , Instagram , #Hopeful #SeedsOfOptimism ,14,28, UK ,2022,7,17,6
" a playful escapade in the carnival of life, carousel laughter and cotton candy dreams swirling in the joyous atmosphere. ", Playful ,2018-08-22 17:20:00, CarnivalDreamer , Facebook , #Playful #CarnivalEscapade ,24,48, Australia ,2018,8,22,17
" floating on clouds of inspiration, an artist painting the sky with strokes of creativity, creating a masterpiece of dreams. ", Inspired ,2021-12-08 14:30:00, SkyArtist ,Twitter, #Inspired #CloudsOfCreativity ,18,36, India ,2021,12,8,14
" navigating the river of contentment, a serene boat cruise through the tranquil waters of inner peace and acceptance. ", Contentment ,2019-04-27 09:50:00, RiverNavigator , Instagram , #Contentment #TranquilWaters ,20,40, Canada ,2019,4,27,9
" with empathy as a lantern, wandering through the dark alleys of sorrow, illuminating the path with compassion and care. ", Empathetic ,2023-09-03 21:40:00, LanternWanderer , Facebook , #Empathetic #LanternOfCompassion ,16,32,USA,2023,9,3,21
" a free spirit soaring on the wings of dreams, leaving trails of independence in the azure sky of boundless possibilities. ", Free-spirited ,2020-06-10 10:05:00, DreamSoarer ,Twitter, #FreeSpirit #WingsOfDreams ,22,44, UK ,2020,6,10,10
" bathed in the golden hues of gratefulness, a sunset of appreciation casting its warm glow on the landscapes of the heart. ", Grateful ,2022-04-01 18:30:00, SunsetAdmirer , Instagram , #Grateful #GoldenHues ,19,38, Australia ,2022,4,1,18
" confident strides in the dance of life, a ballroom where self-assuredness leads, twirling through challenges with grace. ", Confident ,2021-01-15 13:00:00, DanceStrider , Facebook , #Confident #DanceOfLife ,23,46, Canada ,2021,1,15,13
" hopeful whispers of wind, carrying the promises of a brighter tomorrow, a symphony of optimism in the air of possibilities. ", Hopeful ,2023-05-06 07:20:00, WindWhisperer ,Twitter, #Hopeful #BrighterTomorrows ,15,30, India ,2023,5,6,7
" playfully juggling responsibilities, a circus performer balancing the acts of work and joy, tossing laughter into the air. ", Playful ,2019-11-18 15:15:00, JugglingArtist , Instagram , #Playful #JugglingResponsibilities ,25,50,USA,2019,11,18,15
" whispering tales of inspiration to the stars, a storyteller crafting constellations from the threads of imagination. ", Inspired ,2020-08-29 20:45:00, StarStoryteller , Facebook , #Inspired #TalesToTheStars ,14,28, UK ,2020,8,29,20
" charting a course through the waves of hopeful anticipation, a sailor steering towards the shores of dreams yet unexplored. ", Hopeful ,2022-10-30 11:40:00, WaveNavigator ,Twitter, #Hopeful #SailorOfDreams ,17,34, Australia ,2022,10,30,11
" a compassionate rain, tears of empathy falling gently, nurturing the seeds of kindness in the garden of human connections. ", Compassionate ,2021-07-01 12:10:00, RainNurturer , Instagram , #Compassionate #TearsOfEmpathy ,21,42, Canada ,2021,7,1,12
" proudly scaling the peaks of achievement, a mountaineer conquering challenges and planting the flag of success. ", Proud ,2020-01-05 08:45:00, PeakConqueror ,Twitter, #Proud #ScalingPeaks ,23,46,USA,2020,1,5,8
" embraced by the hopeful dawn, a gardener sowing seeds of optimism, tending to the blooms of a brighter tomorrow. ", Hopeful ,2022-07-17 06:15:00, DawnGardener , Instagram , #Hopeful #SeedsOfOptimism ,14,28, India ,2022,7,17,6
" a playful escapade in the carnival of life, carousel laughter and cotton candy dreams swirling in the joyous atmosphere. ", Playful ,2018-08-22 17:20:00, CarnivalDreamer , Facebook , #Playful #CarnivalEscapade ,24,48, Australia ,2018,8,22,17
" drowning in the abyss of despair, a heart shattered into fragments, lost in the echoing silence of hopelessness. ", Despair ,2021-09-15 16:00:00, ShatteredHeart , Instagram , #Despair #EchoingSilence ,8,16, Canada ,2021,9,15,16
" bitterness festering like a venomous vine, entwining the soul in a web of resentment, poisoning the garden of peace. ", Bitterness ,2019-03-08 14:20:00, VenomousSoul , Facebook , #Bitterness #ResentmentWeb ,12,24, UK ,2019,3,8,14
" wandering through the desert of loneliness, each step a heavy sigh, mirages of connection shimmering but never materializing. ", Loneliness ,2017-07-20 11:45:00, DesertWanderer ,Twitter, #Loneliness #MiragesOfConnection ,15,30,USA,2017,7,20,11
" yearning for a touch that's not there, echoes of a distant warmth haunting the heart in the cold embrace of solitude. ", Yearning ,2020-11-02 19:30:00, ColdEmbrace , Instagram , #Yearning #DistantWarmth ,10,20, Australia ,2020,11,2,19
" eyes wide open in the night, fearful shadows dancing on the walls, the mind a prisoner of imagined horrors. ", Fearful ,2022-05-12 02:00:00, NightPrisoner , Facebook , #Fearful #ImaginedHorrors ,18,36, India ,2022,5,12,2
" apprehensive steps on the tightrope of uncertainty, a balancing act where the fall seems inevitable, anxiety a constant companion. ", Apprehensive ,2023-04-08 13:15:00, TightropeWalker ,Twitter, #Apprehensive #BalancingAct ,14,28, UK ,2023,4,8,13
" overwhelmed by the weight of the world, atlas with trembling shoulders, each responsibility a boulder in the landscape of exhaustion. ", Overwhelmed ,2021-06-25 17:50:00, AtlasBearer , Instagram , #Overwhelmed #BouldersOfExhaustion ,22,44, Canada ,2021,6,25,17
" jealousy, a green-eyed monster, lurking in the shadows, casting a dark cloud over the sunshine of others' success. ", Jealous ,2019-08-30 10:10:00, GreenMonster , Facebook , #Jealous #GreenEyedMonster ,16,32,USA,2019,8,30,10
" devastated by the storm of betrayal, the wreckage of trust scattered like debris, a heart torn by the winds of broken promises. ", Devastated ,2022-08-03 15:30:00, StormSurvivor ,Twitter, #Devastated #WindsOfBrokenPromises ,25,50, Australia ,2022,8,3,15
" frustrated fingers tapping on the keyboard, a symphony of annoyance composing an unsolvable puzzle of unmet expectations. ", Frustrated ,2020-12-17 09:20:00, PuzzleComposer , Instagram , #Frustrated #UnsolvablePuzzle ,12,24, India ,2020,12,17,9
" envious eyes fixated on the gilded prize, a heartache fueled by the painful desire for possessions that seem forever out of reach. ", Envious ,2021-02-28 22:45:00, GildedHeartache , Facebook , #Envious #GildedPrize ,20,40,USA,2021,2,28,22
" dismissive glances, a fortress built with indifference, walls impenetrable to the pleas of understanding and recognition. ", Dismissive ,2018-05-10 14:00:00, IndifferentFort ,Twitter, #Dismissive #ImpenetrableWalls ,14,28, UK ,2018,5,10,14
" shattered dreams lie on the floor like fragments of glass, a mosaic of disappointment crafted by the hands of frustration. ", Frustrated ,2022-01-07 11:10:00, DreamMosaic , Instagram , #Frustrated #MosaicOfDisappointment ,15,30, Canada ,2022,1,7,11
" loneliness, a silent companion in the night, the only echo in the chamber of solitude, a heart's solitary nocturne. ", Loneliness ,2019-09-19 03:30:00, NocturnalEcho , Facebook , #Loneliness #SolitaryNocturne ,18,36, Australia ,2019,9,19,3
" fearful whispers in the dark, the mind haunted by the specter of the unknown, shadows dancing to the rhythm of anxiety's tune. ", Fearful ,2023-07-14 23:00:00, DarkWhispers ,Twitter, #Fearful #SpecterOfTheUnknown ,13,26, UK ,2023,7,14,23
" bitterness, a bitter aftertaste lingering on the tongue, each word a reminder of wounds that refuse to heal with the passing of time. ", Bitterness ,2020-04-05 16:20:00, LingeringTaste , Instagram , #Bitterness #BitterAftertaste ,10,20, India ,2020,4,5,16
" overwhelmed by the cacophony of expectations, a drowning soul in the tempest of pressure, struggling to stay afloat. ", Overwhelmed ,2021-11-29 08:45:00, TempestSurvivor , Facebook , #Overwhelmed #DrowningSoul ,20,40,USA,2021,11,29,8
" jealousy, a venom that seeps through the veins, poisoning the heart and turning it into a breeding ground for discontent. ", Jealous ,2019-12-12 17:00:00, VenomousHeart ,Twitter, #Jealous #HeartOfDiscontent ,16,32, Australia ,2019,12,12,17
" devastated by the revelation of betrayal, the trust shattered like fragile glass, leaving shards of pain in its wake. ", Devastated ,2022-05-20 14:50:00, FragileTrust , Instagram , #Devastated #ShatteredTrust ,25,50, Canada ,2022,5,20,14
" frustrated attempts to mend a broken connection, the threads of understanding slipping through the fingers like grains of sand. ", Frustrated ,2020-09-03 12:15:00, BrokenThreads , Facebook , #Frustrated #SlippingThreads ,14,28, UK ,2020,9,3,12
" envious gazes cast upon the podium of success, a bitter pill swallowed, the taste lingering as a constant reminder of unattained heights. ", Envious ,2021-02-10 19:30:00, SuccessPill ,Twitter, #Envious #BitterPill ,20,40,USA,2021,2,10,19
" dismissive gestures, a curtain drawn to shield the vulnerability, a stage where emotions take a backseat to the performance of indifference. ", Dismissive ,2018-08-18 14:40:00, CurtainShield , Instagram , #Dismissive #IndifferencePerformance ,12,24, Australia ,2018,8,18,14
" despair like a heavy fog, enveloping every thought, blurring the path ahead, a journey in the labyrinth of utter hopelessness. ", Despair ,2022-02-28 21:00:00, FoggyLabyrinth , Facebook , #Despair #LabyrinthOfHopelessness ,8,16, Canada ,2022,2,28,21
" bitterness, a bitter chill in the air, freezing moments into icicles of resentment that dangle precariously over the landscape of memory. ", Bitterness ,2019-10-15 10:30:00, IcyResentment ,Twitter, #Bitterness #IciclesOfResentment ,15,30, UK ,2019,10,15,10
" loneliness, a solitary moon in a starless sky, casting a cold glow on the landscape of isolation, where echoes bounce in empty spaces. ", Loneliness ,2017-12-01 18:50:00, SolitaryMoon , Instagram , #Loneliness #StarlessSky ,18,36,USA,2017,12,1,18
" yearning for the warmth of a vanished sun, a heartache painted in the hues of a sunset that never graced the horizon. ", Yearning ,2020-04-18 16:15:00, VanishedSunset , Facebook , #Yearning #HuesOfSunset ,10,20, Australia ,2020,4,18,16
" fearful eyes scanning the shadows, a prisoner of the night, terrorized by the lurking monsters born from the mind's darkest corners. ", Fearful ,2023-01-07 03:30:00, NightPrisoner ,Twitter, #Fearful #LurkingMonsters ,18,36, India ,2023,1,7,3
" apprehensive whispers in the wind, a forecast of uncertainty, the mind's weather vane spinning wildly in the storm of doubt. ", Apprehensive ,2021-06-10 10:00:00, WindWhisperer , Instagram , #Apprehensive #StormOfDoubt ,14,28, Canada ,2021,6,10,10
" overwhelmed by the maze of expectations, a minotaur of pressure lurking in the labyrinth, waiting to devour the spirit of resilience. ", Overwhelmed ,2020-02-22 15:20:00, MazeExplorer , Facebook , #Overwhelmed #MinotaurOfPressure ,22,44,USA,2020,2,22,15
" jealousy, a festering wound, the pain intensifying with each glance at the garden of others' achievements, blooming beyond the fence. ", Jealous ,2018-03-17 14:45:00, WoundedGarden ,Twitter, #Jealous #BloomingAchievements ,16,32, UK ,2018,3,17,14
" devastated, a heart in ruins, the echoes of shattered dreams reverberating in the chambers, a requiem for what once was whole. ", Devastated ,2022-10-28 11:15:00, RuinedHeart , Instagram , #Devastated #EchoesOfShatteredDreams ,25,50, Australia ,2022,10,28,11
" frustrated attempts to untangle the knot of confusion, the threads of understanding slipping further into the labyrinth of miscommunication. ", Frustrated ,2020-11-01 12:30:00, KnotUntangler , Facebook , #Frustrated #LabyrinthOfMiscommunication ,14,28, India ,2020,11,1,12
" envious eyes locked on the treasure chest of opportunities, a heartache fueled by the desire for keys that seem forever elusive. ", Envious ,2021-01-15 22:10:00, ElusiveKeys ,Twitter, #Envious #DesireForKeys ,20,40,USA,2021,1,15,22
" dismissive gestures, a curtain drawn to shield the vulnerability, a stage where emotions take a backseat to the performance of indifference. ", Dismissive ,2018-08-18 14:00:00, IndifferentFort , Instagram , #Dismissive #IndifferencePerformance ,12,24, Australia ,2018,8,18,14
" shattered dreams lie on the floor like fragments of glass, a mosaic of disappointment crafted by the hands of frustration. ", Frustrated ,2022-01-07 11:10:00, DreamMosaic ,Twitter, #Frustrated #MosaicOfDisappointment ,15,30, Canada ,2022,1,7,11
" loneliness, a silent companion in the night, the only echo in the chamber of solitude, a heart's solitary nocturne. ", Loneliness ,2019-09-19 03:30:00, NocturnalEcho , Facebook , #Loneliness #SolitaryNocturne ,18,36, Australia ,2019,9,19,3
awe-struck by the breathtaking sunrise over the mountains.      , Awe           ,2022-04-03 06:15:00, NatureAdmirer  , Instagram , #Awe #BreathtakingSunrise                   ,28,55,USA,2022,4,3,6
navigating through the challenges with determination.          , Determination ,2023-10-12 10:30:00, GoalPursuer    ,Twitter, #Determination #Challenges                  ,15,30, Canada            ,2023,10,12,10
nostalgia hits while flipping through an old photo album.     , Nostalgia      ,2019-06-28 19:00:00, MemoryLane     , Facebook , #Nostalgia #OldMemories                     ,22,45, UK                ,2019,6,28,19
thrilled to witness the grandeur of a cultural festival.       , Thrill        ,2020-09-15 14:45:00, CultureEnthusiast , Instagram , #Thrill #CulturalCelebration              ,40,80, India              ,2020,9,15,14
calmness found in the rhythm of raindrops on the windowpane.   , Calmness      ,2017-11-08 21:20:00, RainWatcher    ,Twitter, #Calmness #RainyDays                        ,18,35, Australia          ,2017,11,8,21
overwhelmed by the support received during a personal challenge., Overwhelmed   ,2021-05-20 17:30:00, PersonalJourney , Facebook , #Overwhelmed #SupportiveCommunity          ,25,50,USA,2021,5,20,17
excitement builds as the countdown to a long-awaited vacation begins. , Excitement ,2023-01-10 12:00:00, VacationDreamer , Instagram , #Excitement #VacationCountdown        ,30,60, France            ,2023,1,10,12
"reflecting on life's journey, grateful for the lessons learned. ", Gratitude   ,2018-12-05 08:45:00, LifeLearner   ,Twitter, #Gratitude #LifeLessons                    ,35,70, Brazil            ,2018,12,5,8
bittersweet emotions arise while bidding farewell to a dear friend. , Bittersweet ,2020-03-15 18:30:00, FarewellSender , Instagram , #Bittersweet #Farewell                     ,20,40, Japan             ,2020,3,15,18
curiosity sparked by exploring a mysterious ancient ruin.      , Curiosity     ,2016-08-22 15:10:00, HistoryExplorer , Facebook , #Curiosity #AncientDiscovery          ,18,35, Greece            ,2016,8,22,15
admiration for the intricate details of a handcrafted masterpiece. , Admiration    ,2019-08-20 16:00:00, CraftEnthusiast , Instagram , #Admiration #HandcraftedArt               ,25,50,USA,2019,8,20,16
overjoyed by the warmth of a cozy fireplace on a winter evening.   , Overjoyed     ,2021-12-08 19:30:00, WinterLover     ,Twitter, #Overjoyed #WinterWarmth                  ,18,35, Canada            ,2021,12,8,19
inspiration strikes while observing the colors of a vibrant sunset., Inspiration   ,2020-06-10 20:45:00, SunsetWatcher   , Instagram , #Inspiration #ColorfulSunset             ,30,60, UK                ,2020,6,10,20
motivated to achieve fitness goals after an invigorating workout.  , Motivation    ,2022-02-28 07:15:00, FitnessJunkie   , Facebook , #Motivation #FitnessGoals                 ,40,80, Australia          ,2022,2,28,7
gratitude for the simple joys found in a cup of morning coffee.    , Gratitude     ,2017-04-15 08:00:00, CoffeeLover     ,Twitter, #Gratitude #MorningCoffee                 ,22,45, India             ,2017,4,15,8
feeling empowered after conquering a challenging hiking trail.     , Empowerment   ,2018-09-05 14:20:00, HikingExplorer  , Instagram , #Empowerment #HikingAdventure             ,35,70,USA,2018,9,5,14
amused by the antics of playful kittens during playtime.           , Amusement     ,2022-10-22 12:45:00, KittyObserver   , Facebook , #Amusement #PlayfulKittens               ,15,30, Canada            ,2022,10,22,12
contemplating life's mysteries under the starry night sky.         , Contemplation ,2016-07-02 23:30:00, Stargazer       ,Twitter, #Contemplation #StarryNight               ,28,55, UK                ,2016,7,2,23
joyful reunion with long-lost friends after years of separation.   , JoyfulReunion ,2020-11-18 17:10:00, FriendshipRenewal , Instagram , #JoyfulReunion #Friendship               ,20,40, India             ,2020,11,18,17
excitement builds while preparing for a surprise celebration.     , Excitement    ,2023-03-05 15:00:00, CelebrationPlanner , Facebook , #Excitement #SurpriseCelebration         ,30,60, Australia          ,2023,3,5,15
satisfaction derived from successfully completing a diy project.  , Satisfaction  ,2015-12-01 11:30:00, DIYEnthusiast   ,Twitter, #Satisfaction #DIYProject                 ,25,50,USA,2015,12,1,11
feeling blessed for the supportive community in times of need.    , Blessed       ,2021-09-10 09:45:00, CommunityHelper , Instagram , #Blessed #SupportiveCommunity            ,18,35, UK                ,2021,9,10,9
captivated by the serenity of a tranquil garden in full bloom.     , Serenity      ,2018-05-12 14:20:00, GardenEnthusiast , Facebook , #Serenity #TranquilGarden                ,22,45, Canada            ,2018,5,12,14
anticipation for an upcoming adventure in an exotic destination.   , Anticipation  ,2022-07-25 10:00:00, Wanderlust      ,Twitter, #Anticipation #AdventureAwaits           ,40,80, India             ,2022,7,25,10
reflecting on personal growth achieved through life experiences.  , Reflection    ,2019-03-08 18:30:00, GrowthSeeker    , Instagram , #Reflection #PersonalGrowth              ,35,70,USA,2019,3,8,18
nostalgic memories flood in while revisiting childhood favorites. , Nostalgia     ,2017-01-28 21:15:00, ChildhoodMemories , Facebook , #Nostalgia #ChildhoodFavorites           ,20,40, Australia          ,2017,1,28,21
appreciation for the vibrant culture experienced during travel.   , Appreciation  ,2016-11-14 13:45:00, CultureExplorer ,Twitter, #Appreciation #CulturalExperience        ,28,55, UK                ,2016,11,14,13
confidence soars after overcoming public speaking anxiety.       , Confidence    ,2020-04-02 17:30:00, PublicSpeaker   , Instagram , #Confidence #OvercomingAnxiety          ,15,30,USA,2020,4,2,17
contentment in the midst of a family gathering filled with laughter. , Contentment   ,2023-01-15 19:00:00, FamilyCelebration , Facebook , #Contentment #FamilyLaughter             ,25,50, Canada            ,2023,1,15,19
enthusiasm for learning new skills and expanding knowledge.      , Enthusiasm    ,2018-08-07 12:15:00, LifelongLearner ,Twitter, #Enthusiasm #SkillBuilding               ,30,60, India             ,2018,8,7,12
surprise and delight at discovering a hidden gem in the city.    , Surprise      ,2019-10-18 16:45:00, CityExplorer    , Instagram , #Surprise #HiddenGem                      ,18,35, UK                ,2019,10,18,16
a sense of accomplishment after completing a challenging workout., Accomplishment ,2022-06-30 07:00:00, FitnessAchiever , Facebook , #Accomplishment #FitnessSuccess         ,22,45, Australia          ,2022,6,30,7
wonderment at the beauty of a double rainbow after the rain.     , Wonderment    ,2017-06-12 18:20:00, RainbowChaser   ,Twitter, #Wonderment #DoubleRainbow               ,35,70,USA,2017,6,12,18
optimism for a bright future amidst challenging times.           , Optimism      ,2021-07-05 09:30:00, FutureOptimist  , Instagram , #Optimism #BrightFuture                  ,20,40, Canada            ,2021,7,5,9
pride in achieving a personal milestone in career progression.   , Pride         ,2016-04-15 14:50:00, CareerAchiever  , Facebook , #Pride #CareerMilestone                  ,28,55, UK                ,2016,4,15,14
happiness blooms like flowers in a garden on a sunny day.        , Happiness     ,2020-02-10 11:15:00, SunnyDayEnthusiast ,Twitter, #Happiness #SunnyDay                      ,15,30, India             ,2020,2,10,11
elation over discovering a rare book in a quaint bookstore.      , Elation       ,2018-09-22 16:30:00, Bookworm        , Instagram , #Elation #RareBookDiscovery              ,40,80,USA,2018,9,22,16
curiosity piqued by the mysteries of an ancient archaeological site., Curiosity   ,2015-11-08 10:00:00, ArchaeologyEnthusiast , Facebook , #Curiosity #AncientMysteries            ,18,35, Australia          ,2015,11,8,10
mesmerized by the cosmic dance of fireflies on a moonlit night.    , Enchantment   ,2022-08-10 22:00:00, NightSkyObserver , Instagram , #Enchantment #CosmicFireflies             ,25,50, Brazil           ,2022,8,10,22
intrigued by the symphony of colors in an abstract art exhibition. , Intrigue      ,2019-04-05 17:30:00, ArtConnoisseur  ,Twitter, #Intrigue #AbstractArt                   ,18,35, France           ,2019,4,5,17
giggles and joy echo in the air during a children's playdate.      , PlayfulJoy    ,2020-12-15 15:45:00, PlayfulParent   , Facebook , #PlayfulJoy #ChildrensPlaydate           ,22,45, Japan            ,2020,12,15,15
enveloped in serenity while practicing mindfulness by the lake.    , Mindfulness   ,2017-10-20 08:15:00, ZenSeeker       , Instagram , #Mindfulness #LakeTranquility            ,35,70, Canada           ,2017,10,20,8
chasing dreams like a kite soaring high in the vast open sky.      , DreamChaser   ,2021-02-28 13:00:00, SkyDreamer      ,Twitter, #DreamChaser #SkyHighDreams              ,30,60, Australia         ,2021,2,28,13
spellbound by the elegance of a ballroom dance under crystal chandeliers. , Elegance ,2018-06-12 20:30:00, DanceEnthusiast , Facebook , #Elegance #BallroomDance                ,28,55, UK               ,2018,6,12,20
whimsical delight in a world of fairy tales and magical creatures.  , Whimsy        ,2016-03-08 14:20:00, FairyTaleExplorer , Instagram , #Whimsy #MagicalWorld                    ,20,40,USA,2016,3,8,14
pensive contemplation amid the ancient ruins of a forgotten civilization. , Pensive ,2023-04-18 17:10:00, RuinsExplorer   ,Twitter, #Pensive #AncientCivilization           ,18,35, Greece           ,2023,4,18,17
embracing the thrill of speed on a rollercoaster's exhilarating twists. , Thrill      ,2020-07-25 12:45:00, RollercoasterFan , Facebook , #Thrill #RollercoasterAdventure        ,22,45, Germany         ,2020,7,25,12
harmony resonates as musicians play a melody of unity and togetherness. , Harmony    ,2019-11-30 19:30:00, MusicHarmonist  , Instagram , #Harmony #MusicalUnity                   ,35,70, Sweden          ,2019,11,30,19
a burst of creativity in the quiet solitude of an artist's studio.  , Creativity   ,2015-09-01 16:00:00, StudioArtist    ,Twitter, #Creativity #ArtistsHaven               ,15,30, Italy           ,2015,9,1,16
radiant joy akin to blooming flowers on a sun-kissed spring morning. , Radiance    ,2022-05-05 10:15:00, SpringEnthusiast , Facebook , #Radiance #SpringBlooms                 ,25,50, Netherlands     ,2022,5,5,10
a sense of wonder at the vastness of the cosmos on a stargazing night. , Wonder     ,2018-07-08 23:00:00, CosmosExplorer  , Instagram , #Wonder #StargazingAdventure            ,40,80, South Africa    ,2018,7,8,23
rejuvenated by the salty breeze and the sound of waves at the seaside. , Rejuvenation ,2021-09-20 14:30:00, SeaBreezeLover ,Twitter, #Rejuvenation #SeasideEscape            ,18,35, Spain           ,2021,9,20,14
whispers of inspiration from the rustling leaves in a serene forest. , Inspiration ,2016-11-15 11:45:00, ForestDreamer   , Facebook , #Inspiration #ForestWhispers            ,28,55, Portugal        ,2016,11,15,11
savoring the warmth of a cup of cocoa on a chilly winter evening.   , Coziness     ,2020-01-12 18:00:00, WinterWarmth    , Instagram , #Coziness #WarmWinterEvening           ,30,60, Switzerland     ,2020,1,12,18
heartfelt gratitude for the laughter shared during a family reunion. , Gratitude  ,2017-12-28 19:15:00, FamilyGatherer , Facebook , #Gratitude #FamilyLaughter              ,22,45, Austria         ,2017,12,28,19
"embarking on a culinary adventure, savoring exotic flavors around the world. ", Adventure ,2019-03-02 20:20:00, CulinaryExplorer ,Twitter, #Adventure #CulinaryJourney             ,35,70, Belgium         ,2019,3,2,20
euphoria floods in as the final puzzle piece clicks into place.       , Euphoria   ,2022-06-08 15:30:00, PuzzleSolver    , Instagram , #Euphoria #PuzzleCompletion            ,20,40, Denmark         ,2022,6,8,15
awe-inspired by the grandeur of an ancient cathedral's intricate architecture. , Awe    ,2018-08-18 14:45:00, CathedralVisitor , Facebook , #Awe #ArchitecturalGrandeur            ,18,35, Czech Republic  ,2018,8,18,14
captivated by the ethereal beauty of a field filled with fireflies. , Enchantment   ,2022-08-10 22:00:00, NightSkyObserver , Instagram , #Enchantment #FireflyField              ,25,50, Brazil           ,2022,8,10,22
immersed in the enchanting melodies of a street musician's violin. , Melodic       ,2019-04-05 17:30:00, MusicLover      ,Twitter, #Melodic #StreetMusic                   ,18,35, France           ,2019,4,5,17
joyful laughter resonates through a lively summer carnival.         , FestiveJoy    ,2020-12-15 15:45:00, CarnivalGoer    , Facebook , #FestiveJoy #SummerCarnival             ,22,45, Japan            ,2020,12,15,15
exploring the universe within during a mindful meditation session. , InnerJourney  ,2017-10-20 08:15:00, MindfulExplorer , Instagram , #InnerJourney #MeditationBliss          ,35,70, Canada           ,2017,10,20,8
soaring like a free spirit on the winds of a coastal cliff.        , Freedom       ,2021-02-28 13:00:00, CoastalExplorer ,Twitter, #Freedom #CoastalAdventure              ,30,60, Australia         ,2021,2,28,13
dazzled by the elegance of a masquerade ball's dazzling costumes. , Dazzle        ,2018-06-12 20:30:00, MasqueradeAttendee , Facebook , #Dazzle #MasqueradeElegance            ,28,55, UK               ,2018,6,12,20
whimsical delight in a world of whimsical fairy tales.             , Whimsy        ,2016-03-08 14:20:00, FairyTaleAdventurer , Instagram , #Whimsy #FairyTaleMagic                 ,20,40,USA,2016,3,8,14
reflective contemplation amid the ruins of a forgotten era.        , Reflection    ,2023-04-18 17:10:00, RuinsExplorer   ,Twitter, #Reflection #ForgottenEra               ,18,35, Greece           ,2023,4,18,17
riding the adrenaline rush on a rollercoaster's wild twists.      , Adrenaline     ,2020-07-25 12:45:00, ThrillSeeker    , Facebook , #Adrenaline #RollercoasterThrills      ,22,45, Germany         ,2020,7,25,12
harmony resonates as musicians play a symphony of unity.           , Harmony       ,2019-11-30 19:30:00, MusicHarmonist  , Instagram , #Harmony #MusicalUnity                   ,35,70, Sweden          ,2019,11,30,19
a burst of artistic creativity in the quietude of an artist's studio. , ArtisticBurst ,2015-09-01 16:00:00, StudioArtist    ,Twitter, #ArtisticBurst #StudioCreativity       ,15,30, Italy           ,2015,9,1,16
radiant joy akin to blossoming flowers on a sunlit spring morning. , Radiance      ,2022-05-05 10:15:00, SpringEnthusiast , Facebook , #Radiance #SpringBlooms                 ,25,50, Netherlands     ,2022,5,5,10
awe-inspired by the vastness of the cosmos on a stargazing night.   , Wonder       ,2018-07-08 23:00:00, CosmosExplorer  , Instagram , #Wonder #StargazingAdventure            ,40,80, South Africa    ,2018,7,8,23
rejuvenated by the salty breeze and the sound of waves at the seaside. , Rejuvenation ,2021-09-20 14:30:00, SeaBreezeLover ,Twitter, #Rejuvenation #SeasideEscape            ,18,35, Spain           ,2021,9,20,14
whispers of inspiration from the rustling leaves in a serene forest. , Inspiration  ,2016-11-15 11:45:00, ForestDreamer   , Facebook , #Inspiration #ForestWhispers            ,28,55, Portugal        ,2016,11,15,11
savoring the warmth of a cup of cocoa on a chilly winter evening.   , Coziness     ,2020-01-12 18:00:00, WinterWarmth    , Instagram , #Coziness #WarmWinterEvening           ,30,60, Switzerland     ,2020,1,12,18
heartfelt gratitude for the laughter shared during a family reunion. , Gratitude  ,2017-12-28 19:15:00, FamilyGatherer , Facebook , #Gratitude #FamilyLaughter              ,22,45, Austria         ,2017,12,28,19
"embarking on a culinary odyssey, savoring flavors around the world. ", CulinaryOdyssey ,2019-03-02 20:20:00, CulinaryExplorer ,Twitter, #CulinaryOdyssey #FlavorsAroundTheWorld ,35,70, Belgium         ,2019,3,2,20
euphoria floods in as the final puzzle piece fits perfectly.       , Euphoria     ,2022-06-08 15:30:00, PuzzleSolver    , Instagram , #Euphoria #PerfectPuzzle               ,20,40, Denmark         ,2022,6,8,15
awe-struck by the grandeur of an ancient cathedral's intricate architecture. , Awe    ,2018-08-18 14:45:00, CathedralVisitor , Facebook , #Awe #ArchitecturalGrandeur            ,18,35, Czech Republic  ,2018,8,18,14
curiosity awakened by the mysteries of an ancient archaeological site. , Curiosity  ,2015-11-08 10:00:00, ArchaeologyEnthusiast , Instagram , #Curiosity #AncientMysteries          ,18,35, Australia ,2015,11,8,10
giddy with excitement as the first snowflakes dance from the sky. , Excitement   ,2020-12-02 17:30:00, SnowfallEnthusiast ,Twitter, #Excitement #SnowfallMagic             ,22,45, Canada         ,2020,12,2,17
contentment envelops as the aroma of freshly baked bread fills the air. , Contentment ,2017-06-10 12:15:00, BreadLover     , Instagram , #Contentment #FreshBreadAroma          ,28,55, France          ,2017,6,10,12
inspired by the resilience of a lone tree standing tall in a storm. , Resilience   ,2021-04-15 14:20:00, NatureResilient , Facebook , #Resilience #StandingTall              ,35,70,USA,2021,4,15,14
"lost in the pages of a captivating novel, transported to another world. ", Immersion ,2019-09-28 19:45:00, Bookworm       ,Twitter, #Immersion #CaptivatingNovel           ,20,40, UK              ,2019,9,28,19
drenched in nostalgia while flipping through an old family photo album. , Nostalgia ,2016-12-05 21:00:00, FamilyHistorian , Instagram , #Nostalgia #FamilyPhotoAlbum           ,25,50, India          ,2016,12,5,21
spark of inspiration ignites like a shooting star in the night sky. , Spark        ,2018-02-10 23:30:00, NightSkyWatcher , Facebook , #Spark #InspirationIgnited             ,30,60, Australia      ,2018,2,10,23
imbued with gratitude for the simple pleasure of a warm cup of tea. , Gratitude    ,2023-02-15 08:30:00, TeaEnthusiast  ,Twitter, #Gratitude #WarmTea                    ,18,35, Japan           ,2023,2,15,8
marveling at the kaleidoscope of colors in a vibrant street market. , Marvel       ,2015-08-22 15:00:00, MarketExplorer , Instagram , #Marvel #ColorfulStreetMarket          ,22,45, Brazil          ,2015,8,22,15
awash with serenity as the sun sets over a tranquil lakeside retreat. , Serenity   ,2020-11-20 18:45:00, LakesideRetreater , Facebook , #Serenity #TranquilSunset              ,28,55, Germany       ,2020,11,20,18
drowning in sorrow as memories of lost love resurface.            , Heartbreak    ,2019-08-05 21:00:00, LostInLove      , Instagram , #Heartbreak #LostLove                    ,15,30,USA,2019,8,5,21
numbness sets in as the weight of loneliness grows heavier.       , Loneliness    ,2021-02-12 16:45:00, SolitudeSeeker ,Twitter, #Loneliness #HeavyHeart                  ,18,35, Canada          ,2021,2,12,16
"tears fall like raindrops, mourning the end of a cherished friendship. ", Grief      ,2020-11-28 14:20:00, FriendshipsEnd  , Facebook , #Grief #LostFriendship                  ,22,45, UK              ,2020,11,28,14
"despair clouds the mind, feeling adrift in an endless sea of darkness. ", Despair   ,2016-05-15 22:30:00, LostInDarkness  , Instagram , #Despair #EndlessDarkness               ,28,55, Australia        ,2016,5,15,22
"shattered by betrayal, trust crumbles like fragile glass.          ", Betrayal      ,2018-09-10 13:15:00, BrokenTrust     ,Twitter, #Betrayal #ShatteredTrust               ,22,45, Germany         ,2018,9,10,13
"aching heart, the symphony of pain plays in the silence of solitude. ", Suffering ,2022-03-20 19:30:00, SilentSufferer  , Facebook , #Suffering #HeartacheSymphony          ,25,50, Brazil          ,2022,3,20,19
"emotional storm, a whirlwind of sadness engulfs every thought.    ", EmotionalStorm ,2017-07-18 17:45:00, StormyFeelings  , Instagram , #EmotionalStorm #SadnessWhirlwind      ,30,60, India          ,2017,7,18,17
"haunted by regrets, the ghost of the past lingers relentlessly.   ", Regret        ,2018-12-15 10:00:00, LingeringGhost  ,Twitter, #Regret #HauntedPast                    ,18,35, France         ,2018,12,15,10
"torn apart by grief, the echoes of loss reverberate through the soul. ", Grief      ,2015-06-28 21:15:00, EchoesOfLoss    , Facebook , #Grief #TornApart                       ,28,55, Italy         ,2015,6,28,21
"isolation deepens, an emotional winter where warmth is but a distant memory. ", Isolation ,2020-04-02 14:20:00, WinterOfEmotions , Instagram , #Isolation #EmotionalWinter            ,35,70, Japan       ,2020,4,2,14
"soul-crushing disappointment, hopes shattered like fragile glass. ", Disappointment ,2019-10-08 18:30:00, ShatteredHopes  ,Twitter, #Disappointment #CrushedHopes          ,20,40, Spain        ,2019,10,8,18
"painful echoes of a love once cherished, now lost in the abyss of time. ", LostLove ,2016-11-22 09:45:00, AbyssOfTime     , Facebook , #LostLove #PainfulEchoes               ,22,45, Netherlands  ,2016,11,22,9
"heartache deepens, a solitary journey through the abyss of despair. ", Despair   ,2022-08-18 22:00:00, SolitaryDescent , Instagram , #Despair #AbyssOfHeartache             ,40,80, South Africa ,2022,8,18,22
"melancholy lingers, a bittersweet serenade in the quietude of solitude. ", Melancholy ,2017-03-12 23:30:00, SerenadeOfSolitude ,Twitter, #Melancholy #QuietSerenade             ,18,35, UK         ,2017,3,12,23
"bitterness like a poison, seeping into every crevice of the wounded heart. ", Bitterness ,2015-12-15 16:15:00, PoisonedHeart   , Facebook , #Bitterness #WoundedHeart              ,25,50, Australia   ,2015,12,15,16
"emotional exhaustion, the weight of the world crushing weary shoulders. ", Exhaustion ,2021-09-05 13:30:00, WearySoulCrushed , Instagram , #Exhaustion #CrushedSpirit             ,35,70, Canada     ,2021,9,5,13
"sorrowful echoes, a symphony of pain played by the strings of loss. ", Sorrow      ,2018-05-22 20:45:00, StringsOfSorrow ,Twitter, #Sorrow #SymphonyOfLoss                ,18,35, Germany     ,2018,5,22,20
"darkness descends, engulfing the soul in the shadows of despair.  ", Darkness     ,2016-07-10 18:20:00, SoulInShadow    , Facebook , #Darkness #SoulEngulfed                 ,28,55,USA,2016,7,10,18
"desperation whispers, the silent plea for a glimmer of hope in the abyss. ", Desperation ,2019-04-30 14:00:00, WhisperedDespair , Instagram , #Desperation #GlimmerOfHope            ,22,45, France    ,2019,4,30,14
"heart in ruins, the remnants of shattered dreams scattered in the wind. ", Ruins      ,2022-01-08 11:30:00, DreamsInWind    ,Twitter, #Ruins #ShatteredDreams                ,20,40, Brazil     ,2022,1,8,11
"shattered by the echoes of a shattered dream, fragments of hope scattered. ", Desolation ,2017-09-10 19:15:00, DreamEchoes ,Twitter, #Desolation #ScatteredHope ,20,40, Australia ,2017,9,10,19
"avoiding the thorns of regret, walking barefoot on the path of remorse. ", Regret ,2022-04-18 11:30:00, RemorseWalker , Instagram , #Regret #PathOfRemorse ,25,50, Canada ,2022,4,18,11
"in the labyrinth of grief, the walls echo with the footsteps of lost joy. ", Grief ,2018-12-05 21:45:00, JoyLabyrinth , Facebook , #Grief #LostJoyFootsteps ,18,35,USA,2018,12,5,21
"a soul adrift in the sea of solitude, waves of loneliness crashing relentlessly. ", Loneliness ,2016-06-28 14:20:00, SolitudeSeas ,Twitter, #Loneliness #CrashingWaves ,22,45, UK ,2016,6,28,14
"the bitterness of betrayal, a taste that lingers, staining the palate of trust. ", Bitterness ,2019-10-22 17:00:00, PalateStainer , Instagram , #Bitterness #StainedTrust ,15,30, Germany ,2019,10,22,17
"in the ruins of hope, echoes of shattered dreams whisper tales of loss. ", Desolation ,2021-03-15 22:45:00, HopeRuins , Facebook , #Desolation #WhisperedLoss ,28,55, Brazil ,2021,3,15,22
"sinking like a stone in the ocean of heartbreak, each ripple a sigh of despair. ", Heartbreak ,2017-08-10 19:30:00, OceanSinker ,Twitter, #Heartbreak #RippleOfDespair ,22,45, France ,2017,8,10,19
"tears, the ink staining the pages of a journal, a testament to silent grief. ", Grief ,2023-01-28 14:30:00, InkJournalist , Instagram , #Grief #SilentTears ,30,60, India ,2023,1,28,14
"in the wasteland of lost trust, the echoes of broken promises reverberate. ", Betrayal ,2016-12-12 10:00:00, TrustWasteland , Facebook , #Betrayal #ReverberatingPromises ,25,50, Italy ,2016,12,12,10
"avoiding the shards of shattered dreams, walking the tightrope of resilience. ", Resilience ,2020-07-18 15:15:00, DreamTightrope ,Twitter, #Resilience #TightropeWalk ,35,70, Japan ,2020,7,18,15
"suffocating in the silence of solitude, where echoes of laughter once thrived. ", Isolation ,2022-05-20 20:30:00, EchoedLaughter , Instagram , #Isolation #SilentSolitude ,30,60, South Africa ,2022,5,20,20
"haunted by the specter of lost possibilities, a ghost that refuses to fade away. ", Regret ,2019-11-08 14:45:00, PossibilityGhost ,Twitter, #Regret #FadingPossibilities ,18,35, Spain ,2019,11,8,14
"in the labyrinth of despair, the echoes of a broken heart reverberate endlessly. ", Despair ,2017-03-28 22:00:00, EndlessLabyrinth , Facebook , #Despair #EndlessReverberation ,28,55, Australia ,2017,3,28,22
"sinking like autumn leaves in the river of sorrow, carried away by the current. ", Sorrow ,2020-09-15 18:15:00, RiverOfSorrow , Instagram , #Sorrow #AutumnLeaves ,22,45, Canada ,2020,9,15,18
"in the garden of broken dreams, petals fall, a silent testimony to shattered hopes. ", Desolation ,2018-06-10 13:30:00, DreamGardener ,Twitter, #Desolation #ShatteredHopes ,20,40, UK ,2018,6,10,13
"tears, the currency of grief, spent in the marketplace of lost love and longing. ", Grief ,2016-12-22 21:45:00, CurrencyOfTears , Facebook , #Grief #LostLoveLonging ,25,50,USA,2016,12,22,21
"wandering in the maze of betrayal, the walls closing in with every wrong turn. ", Betrayal ,2021-01-05 16:20:00, MazeWanderer , Instagram , #Betrayal #ClosingWalls ,15,30, Germany ,2021,1,5,16
"a soul weathered by the storm of heartbreak, seeking refuge in the calm after. ", Heartbreak ,2019-04-18 11:00:00, StormSeeker ,Twitter, #Heartbreak #CalmAfterStorm ,22,45, Brazil ,2019,4,18,11
"in the tapestry of despair, threads of hope unravel, leaving a portrait of sorrow. ", Despair ,2017-08-28 19:30:00, TapestrySorrow , Facebook , #Despair #UnraveledHope ,18,35, India ,2017,8,28,19
"like a withered rose in the garden of love, petals fall, a silent surrender to time. ", Loss ,2023-02-10 14:30:00, WitheredRose , Instagram , #Loss #SilentSurrender ,28,55, France ,2023,2,10,14
"in the void of heartache, echoes of a love song play, each note a pang of longing. ", Heartache ,2022-07-10 22:15:00, LoveSongEcho , Instagram , #Heartache #LoveSongLonging ,30,60, Japan ,2022,7,10,22
"nostalgia, a bittersweet dance in the moonlit ballroom of cherished memories. ", Nostalgia ,2019-05-15 21:30:00, MoonlitMemories ,Twitter, #Nostalgia #CherishedMemories ,18,35, Italy ,2019,5,15,21
"in the symphony of grief, each tear is a note, composing a melancholic melody. ", Grief ,2018-11-28 14:00:00, SymphonyOfTears , Facebook , #Grief #MelancholicMelody ,22,45, Germany ,2018,11,28,14
"betrayal, a venomous serpent slithering through the garden of trust, poisoning roots. ", Betrayal ,2021-03-02 17:45:00, VenomousGarden , Instagram , #Betrayal #PoisonedTrust ,25,50, Canada ,2021,3,2,17
"sinking in the quicksand of despair, the harder you fight, the deeper you descend. ", Despair ,2016-10-18 19:30:00, QuicksandFighter ,Twitter, #Despair #DeepDescent ,20,40,USA,2016,10,18,19
"wandering through the cemetery of lost dreams, tombstones marking untold sorrows. ", Desolation ,2020-08-15 12:30:00, DreamCemetery , Facebook , #Desolation #UntoldSorrows ,28,55, France ,2020,8,15,12
"swept away by the river of regret, the currents of the past refusing to release. ", Regret ,2017-04-28 16:20:00, RegretRiver , Instagram , #Regret #PastCurrents ,18,35, UK ,2017,4,28,16
"whispers of lost love linger in the attic of the heart, forgotten but not erased. ", Loss ,2019-09-10 21:00:00, HeartAttic ,Twitter, #Loss #ForgottenLove ,22,45, Australia ,2019,9,10,21
"in the gallery of broken promises, each shattered vow framed, a painful exhibition. ", Betrayal ,2022-01-28 13:45:00, PromiseGallery , Facebook , #Betrayal #ShatteredVows ,15,30, Brazil ,2022,1,28,13
"the echoes of solitude, a silent conversation between a soul and its shadows. ", Solitude ,2016-06-15 22:30:00, EchoedConversation , Instagram , #Solitude #ShadowConversation ,30,60, Spain ,2016,6,15,22
"dancing on sunshine, each step a celebration of the joy found in simple moments. ", Joy ,2021-08-20 15:45:00, SunshineDancer , Instagram , #Joy #SimpleMoments ,40,80,USA,2021,8,20,15
"laughter echoes in the air, a chorus of happiness that lifts the spirit higher. ", Happiness ,2018-04-12 18:30:00, EchoedLaughter ,Twitter, #Happiness #SpiritLifter ,35,70, Canada ,2018,4,12,18
"in the garden of contentment, each bloom whispers tales of inner peace and joy. ", Contentment ,2022-02-15 12:20:00, GardenOfJoy , Facebook , #Contentment #InnerPeace ,25,50, UK ,2022,2,15,12
"chasing dreams under the vibrant sky, a journey fueled by hope and enthusiasm. ", Enthusiasm ,2019-10-28 14:15:00, DreamChaser , Instagram , #Enthusiasm #HopefulJourney ,30,60, Australia ,2019,10,28,14
"serenading the stars with a heart full of gratitude, a melody of thankfulness. ", Gratitude ,2017-12-22 21:00:00, StarSerenader ,Twitter, #Gratitude #ThankfulMelody ,22,45, India ,2017,12,22,21
"basking in the glow of accomplishment, each milestone a stepping stone to happiness. ", Accomplishment ,2020-06-10 17:30:00, GlowAchiever , Facebook , #Accomplishment #HappinessMilestone ,28,55, Germany ,2020,6,10,17
"in the dance of positivity, every step is a rhythm, uplifting the soul in harmony. ", Positivity ,2016-09-18 19:45:00, DanceHarmony , Instagram , #Positivity #SoulUpliftment ,18,35, France ,2016,9,18,19
"overflowing with joy, a cup of laughter shared with friends, a moment cherished. ", Joy ,2023-03-10 14:30:00, LaughterCup ,Twitter, #Joy #CherishedMoment ,20,40, Japan ,2023,3,10,14
"draped in the warmth of kindness, a quilt of compassion stitched with love. ", Kindness ,2019-05-05 12:15:00, QuiltedCompassion , Facebook , #Kindness #LoveStitches ,25,50, Brazil ,2019,5,5,12
"in the garden of friendships, each bloom a testament to the beauty of camaraderie. ", Friendship ,2018-08-28 16:00:00, FriendshipGarden , Instagram , #Friendship #CamaraderieBlooms ,30,60, South Africa ,2018,8,28,16
"in the embrace of love, each heartbeat is a melody, dancing to the rhythm of affection. ", Love ,2022-11-15 20:45:00, MelodyOfLove ,Twitter, #Love #RhythmOfAffection ,35,70,USA,2022,11,15,20
"surrounded by the colors of joy, a canvas painted with laughter and endless smiles. ", Joy ,2019-07-02 17:00:00, ColorfulLaughter , Instagram , #Joy #EndlessSmiles ,40,80, Canada ,2019,7,2,17
"in the symphony of excitement, each note is a burst of energy, igniting the soul with fervor. ", Excitement ,2021-04-18 14:20:00, SymphonyFervor , Facebook , #Excitement #IgnitedSoul ,30,60, UK ,2021,4,18,14
"a surprise gift, wrapped in anticipation, unfolds a moment of delight and wonder. ", Surprise ,2023-02-05 19:30:00, WrappedDelight ,Twitter, #Surprise #WonderfulMoment ,25,50, Australia ,2023,2,5,19
"lost in the maze of curiosity, each twist and turn unveils the treasures of discovery. ", Curiosity ,2018-09-22 12:45:00, MazeDiscovery , Instagram , #Curiosity #TreasuresOfDiscovery ,22,45, India ,2018,9,22,12
"floating on clouds of gratitude, each raindrop a blessing, a shower of thankfulness. ", Gratitude ,2016-12-10 21:15:00, CloudsOfBlessings , Facebook , #Gratitude #ShowerOfThankfulness ,28,55, Germany ,2016,12,10,21
"like a comet of inspiration, streaking through the sky of creativity, leaving trails of brilliance. ", Inspiration ,2020-05-28 16:00:00, CometCreativity ,Twitter, #Inspiration #BrilliantTrails ,18,35, France ,2020,5,28,16
"in the celebration of success, fireworks of accomplishment light up the night sky of triumph. ", Success ,2017-11-15 22:30:00, FireworksTriumph , Instagram , #Success #NightSkyTriumph ,22,45, Japan ,2017,11,15,22
"a symphony of laughter, each note a key to unlocking the door of boundless happiness. ", Happiness ,2021-08-02 19:00:00, LaughterSymphony , Facebook , #Happiness #BoundlessLaughter ,30,60, Brazil ,2021,8,2,19
"in the carnival of emotions, the rollercoaster of thrill sends the heart on a wild ride. ", Thrill ,2019-03-28 15:30:00, EmotionCarnival , Instagram , #Thrill #WildHeartRide ,35,70, South Africa ,2019,3,28,15
"standing before the grandeur of the eiffel tower, a moment to reflect on the beauty of parisian dreams. ", Reflection ,2018-05-12 17:30:00, ParisDreamer ,Twitter, #Reflection #ParisianDreams ,28,55, France ,2018,5,12,17
"lost in the enchantment of disneyland, each ride a journey into the realm of childhood fantasies. ", Enchantment ,2022-09-28 15:45:00, DisneylandExplorer , Instagram , #Enchantment #ChildhoodFantasies ,30,60,USA,2022,9,28,15
"exploring the wonders of ferrari world, the roar of engines creating a symphony of speed. ", Excitement ,2019-11-10 14:00:00, FerrariSpeedster , Facebook , #Excitement #SymphonyOfSpeed ,22,45, Italy ,2019,11,10,14
"amidst the tulip fields of keukenhof, a tapestry of colors that paints the soul with springtime joy. ", Joy ,2021-04-02 18:20:00, KeukenhofAdventurer , Instagram , #Joy #SpringtimeColors ,35,70, Netherlands ,2021,4,2,18
"wandering through the historical streets of kyoto, each step a journey into the heart of japan's traditions. ", Exploration ,2017-08-22 21:30:00, KyotoAdventurer ,Twitter, #Exploration #JapaneseTraditions ,18,35, Japan ,2017,8,22,21
"in the embrace of the grand canyon, nature's masterpiece, a moment to marvel at earth's grandeur. ", Awe ,2020-06-15 16:45:00, CanyonMarveler , Instagram , #Awe #EarthsGrandeur ,25,50,USA,2020,6,15,16
"journeying through the serenity of santorini, where each sunset paints the sky with hues of tranquility. ", Serenity ,2016-09-10 19:15:00, SantoriniTraveler , Facebook , #Serenity #SunsetHues ,22,45, Greece ,2016,9,10,19
"amazed by the architectural marvels of petra, each stone telling tales of an ancient civilization. ", Amazement ,2023-01-28 13:00:00, PetraExplorer ,Twitter, #Amazement #AncientTales ,30,60, Jordan ,2023,1,28,13
"embarking on a gondola ride in venice, each canal reflecting the romance of this timeless city. ", Romance ,2019-04-18 16:30:00, VeniceRomantic , Instagram , #Romance #TimelessCity ,20,40, Italy ,2019,4,18,16
"at the summit of machu picchu, a breathtaking panorama that whispers the secrets of ancient civilizations. ", Awe ,2017-11-05 22:00:00, MachuPicchuAdventurer , Facebook , #Awe #AncientCivilizations ,28,55, Peru ,2017,11,5,22
"in the heart of new york city, times square dazzles with lights, a vibrant spectacle of urban energy. ", Excitement ,2022-07-20 21:45:00, TimesSquareExplorer , Instagram , #Excitement #UrbanEnergy ,35,70,USA,2022,7,20,21
"captivated by the historical charm of the colosseum, each stone echoing tales of gladiator valor. ", Captivation ,2018-03-15 17:30:00, ColosseumAdventurer ,Twitter, #Captivation #GladiatorTales ,25,50, Italy ,2018,3,15,17
"sailing the azure waters of the maldives, each wave a whisper of serenity in paradise. ", Serenity ,2019-10-28 14:15:00, MaldivesSailor , Facebook , #Serenity #ParadiseWhispers ,22,45, Maldives ,2019,10,28,14
"in the midst of the amazon rainforest, a symphony of wildlife creates an orchestra of nature's wonders. ", Wonder ,2021-06-10 16:00:00, AmazonExplorer , Instagram , #Wonder #NatureOrchestra ,30,60, Brazil ,2021,6,10,16
"walking the great wall of china, each step a testament to ancient engineering marvels. ", Awe ,2017-08-18 19:30:00, GreatWallWalker ,Twitter, #Awe #EngineeringMarvels ,18,35, China ,2017,8,18,19
"at the summit of mount fuji, a breathtaking sunrise that paints the sky with hues of accomplishment. ", Accomplishment ,2020-04-15 05:30:00, FujiSummitAchiever , Facebook , #Accomplishment #SunriseHues ,28,55, Japan ,2020,4,15,5
"exploring the ancient ruins of angkor wat, each stone whispering stories of khmer civilization. ", Exploration ,2016-11-22 13:00:00, AngkorWatAdventurer , Instagram , #Exploration #KhmerStories ,20,40, Cambodia ,2016,11,22,13
"skiing down the slopes of the swiss alps, each turn a dance with the majesty of snow-capped peaks. ", Adventure ,2019-01-10 14:45:00, AlpsSkiAdventurer ,Twitter, #Adventure #SnowPeakDance ,22,45, Switzerland ,2019,1,10,14
"in the tranquility of kyoto's bamboo forest, whispers of ancient zen wisdom echo through the groves. ", Tranquility ,2023-02-28 16:20:00, KyotoBambooSeeker , Facebook , #Tranquility #ZenWisdom ,25,50, Japan ,2023,2,28,16
"cruising the fjords of norway, each icy landscape a breathtaking masterpiece of nature's grandeur. ", Grandeur ,2018-05-28 18:30:00, NorwayFjordExplorer , Instagram , #Grandeur #IcyMasterpiece ,22,45, Norway ,2018,5,28,18
"at the front row of adele's concert, each note of 'someone like you' resonates with soul-stirring emotion. ", Emotion ,2022-09-15 20:00:00, AdeleConcertGoer , Instagram , #Emotion #AdeleConcert ,40,80,USA,2022,9,15,20
"dancing under the stars at beyoncé's live show, feeling the power of 'single ladies' in every move. ", Energy ,2019-07-28 21:30:00, BeyonceDancer ,Twitter, #Energy #BeyonceConcert ,35,70,USA,2019,7,28,21
"in the crowd of a taylor swift concert, the lyrics of 'love story' create an enchanting fairy tale. ", Enchantment ,2021-05-10 19:45:00, SwiftieDreamer , Facebook , #Enchantment #TaylorSwift ,30,60,USA,2021,5,10,19
"rocking out to the guitar solos at a queen tribute concert, a journey back in time with freddie's spirit. ", Nostalgia ,2018-12-02 22:15:00, QueenTributeFan , Instagram , #Nostalgia #QueenTribute ,22,45, UK ,2018,12,2,22
"swaying to ed sheeran's acoustic melodies, a serene evening filled with 'perfect' moments. ", Serenity ,2020-08-18 19:00:00, SheeranMelodyLover ,Twitter, #Serenity #EdSheeranConcert ,18,35, UK ,2020,8,18,19
"immersed in the pulsating beats of a bruno mars concert, where 'uptown funk' becomes a city of joy. ", Joy ,2017-03-28 20:30:00, MarsJoyExplorer , Facebook , #Joy #BrunoMars ,28,55,USA,2017,3,28,20
"at a michael jackson tribute show, moonwalking through the hits, a celebration of the king of pop. ", Celebration ,2022-01-15 21:15:00, MJTributeDancer , Instagram , #Celebration #MJTribute ,25,50,USA,2022,1,15,21
"swinging to the rhythms of a frank sinatra tribute, feeling the timeless charm of 'fly me to the moon'. ", Charm ,2019-06-10 18:45:00, SinatraCharmListener ,Twitter, #Charm #SinatraTribute ,22,45,USA,2019,6,10,18
"in the mosh pit of a metallica concert, the thunderous chords create a symphony of headbanging ecstasy. ", Ecstasy ,2023-03-20 22:30:00, MetallicaMoshWarrior , Facebook , #Ecstasy #MetallicaConcert ,35,70,USA,2023,3,20,22
"experiencing the magic of a coldplay concert, where 'fix you' becomes a beacon of hope in the night. ", Hope ,2016-11-28 19:00:00, ColdplayHopeSeeker , Instagram , #Hope #ColdplayMagic ,30,60, UK ,2016,11,28,19
"at a justin bieber concert, the infectious beats of 'baby' create a dance floor of unbridled enthusiasm. ", Enthusiasm ,2018-08-05 20:00:00, BieberDanceEnthusiast , Instagram , #Enthusiasm #JustinBieber ,40,80, Canada ,2018,8,5,20
"in the spotlight at a lady gaga show, each costume change is a metamorphosis of creativity and artistry. ", Creativity ,2021-04-15 21:30:00, GagaArtisticChameleon ,Twitter, #Creativity #LadyGaga ,35,70,USA,2021,4,15,21
"immersed in the soulful melodies of adele, tears flow freely, moved by the emotion of 'hello'. ", Emotion ,2019-11-28 19:45:00, AdeleMelodyTearjerker , Facebook , #Emotion #AdeleMelodies ,30,60, UK ,2019,11,28,19
"drenched in confetti at a katy perry concert, a kaleidoscope of colors igniting the night sky. ", Colorful ,2020-06-22 22:00:00, KatyPerryColorExplosion , Instagram , #Colorful #KatyPerry ,22,45,USA,2020,6,22,22
"in the audience of a jay-z performance, the lyrics of 'empire state of mind' become an anthem of pride. ", Pride ,2017-09-10 20:15:00, JayZEmpireListener ,Twitter, #Pride #JayZAnthem ,18,35,USA,2017,9,10,20
"dancing to shakira's rhythmic beats, hips swaying to the hypnotic charm of 'hips don't lie'. ", Hypnotic ,2022-02-28 21:15:00, ShakiraHipsDancer , Facebook , #Hypnotic #ShakiraRhythms ,28,55, Colombia ,2022,2,28,21
"at a u2 concert, the anthemic chords of 'with or without you' create a timeless moment of connection. ", Connection ,2016-05-15 19:30:00, U2ConnectionSeeker , Instagram , #Connection #U2Anthem ,25,50, Ireland ,2016,5,15,19
"rocking out at a guns n' roses show, the iconic riffs of 'sweet child o' mine' echoing in the night. ", Iconic ,2018-12-10 22:30:00, GunsNRosesRiffRockstar ,Twitter, #Iconic #GNRConcert ,22,45,USA,2018,12,10,22
"in the crowd of an ariana grande concert, the high notes of 'into you' create a euphoric symphony. ", Euphoria ,2023-01-22 20:00:00, ArianaEuphoriaChaser , Facebook , #Euphoria #ArianaGrande ,35,70,USA,2023,1,22,20
"swaying to the reggae vibes of bob marley's tribute concert, each chord a journey to jamaica's soul. ", Journey ,2020-03-05 18:45:00, MarleyReggaeTraveler , Instagram , #Journey #BobMarleyTribute ,30,60, Jamaica ,2020,3,5,18
"captivated by the spellbinding plot twists, the audience applauds, experiencing a rollercoaster of emotions at the movie premiere. ", Excitement ,2018-10-12 20:00:00, MovieEnthusiastPremiereAttendee ,Twitter, #Excitement #MoviePremiereThrills ,40,80,USA,2018,10,12,20
"as the credits roll, a profound sense of nostalgia washes over, reminiscent of cherished moments in classic films. ", Nostalgia ,2019-06-25 22:15:00, FilmLoverNostalgiaSeeker , Instagram , #Nostalgia #ClassicFilmMoments ,35,70, UK ,2019,6,25,22
"streaming the latest web series, the viewer is engrossed in the characters' journey, feeling a sense of connection and empathy. ", Engagement ,2020-07-08 19:30:00, WebSeriesViewerCharacterConnection , Facebook , #Engagement #WebSeriesJourney ,30,60, Canada ,2020,7,8,19
"at the film festival, the indie filmmaker's creation receives a standing ovation, evoking pride and a sense of accomplishment. ", Pride ,2017-09-18 21:45:00, IndieFilmmakerFestivalSuccess ,Twitter, #Pride #IndieFilmSuccess ,22,45, Australia ,2017,9,18,21
"watching a heartwarming family drama, tears flow freely as the characters overcome challenges, leaving the viewer with a warm glow. ", Touched ,2021-01-15 18:00:00, DramaEnthusiastHeartwarmingMoments , Instagram , #Touched #FamilyDramaMoments ,28,55, India ,2021,1,15,18
"at the oscars, the actor graciously accepts an award, radiating joy and gratitude for the recognition of their outstanding performance. ", Gratitude ,2016-02-28 20:30:00, AwardWinningActorOscarsRecipient , Facebook , #Gratitude #OscarWinningMoment ,18,35,USA,2016,2,28,20
"discovering a hidden gem in the world of documentaries, the viewer is enlightened and inspired, feeling a renewed sense of curiosity. ", Inspiration ,2022-04-20 17:30:00, DocumentaryEnthusiastHiddenGemFinder ,Twitter, #Inspiration #HiddenGemDiscovery ,22,45, France ,2022,4,20,17
"as the movie credits roll, the viewer experiences a mix of awe and contemplation, pondering the deeper meanings woven into the storyline. ", Contemplation ,2019-11-05 21:15:00, FilmBuffContemplativeViewer , Instagram , #Contemplation #DeepMeanings ,28,55, Germany ,2019,11,5,21
"binge-watching a thrilling crime series, the suspense keeps the viewer on the edge of their seat, creating a rush of adrenaline. ", Suspense ,2015-07-12 22:00:00, CrimeSeriesEnthusiastThrillSeeker , Facebook , #Suspense #CrimeSeriesThrills ,35,70, Japan ,2015,7,12,22
"as the closing scene unfolds, a sense of satisfaction washes over, completing the cinematic journey with a profound and fulfilling ending. ", Satisfaction ,2020-09-10 19:45:00, FilmCriticSatisfactionSeeker ,Twitter, #Satisfaction #FulfillingEnding ,22,45, Brazil ,2020,9,10,19
"celebrating a historic victory in the world cup, the nation erupts in joy, united by the triumph of their football team. ", Joy ,2018-07-15 21:30:00, FootballFanWorldCupCelebration , Instagram , #Joy #WorldCupTriumph ,40,80, Brazil ,2018,7,15,21
"at the olympics, the athlete's perseverance shines through, earning a gold medal and inspiring a generation with their remarkable achievement. ", Inspiration ,2020-08-08 19:45:00, OlympicsEnthusiastGoldMedalWinner ,Twitter, #Inspiration #OlympicAchievement ,35,70,USA,2020,8,8,19
"in the cricket championship, a nail-biting finish leaves fans on the edge of their seats, experiencing a rollercoaster of emotions. ", Excitement ,2019-06-25 22:15:00, CricketFanChampionshipThrills , Facebook , #Excitement #CricketChampionship ,30,60, India ,2019,6,25,22
"witnessing a record-breaking marathon, spectators are filled with awe and admiration for the endurance and dedication of the runners. ", Admiration ,2021-11-07 17:30:00, MarathonSpectatorRecordBreaking , Instagram , #Admiration #MarathonRecords ,22,45, Kenya ,2021,11,7,17
"in the tennis grand slam, a fierce rivalry unfolds, captivating fans with a display of skill and sportsmanship on the world stage. ", Captivation ,2017-09-10 20:15:00, TennisEnthusiastGrandSlamDrama ,Twitter, #Captivation #TennisRivalry ,28,55, UK ,2017,9,10,20
"cheering for the underdog in the basketball finals, the crowd erupts in applause as the team defies odds to claim the championship title. ", Triumph ,2022-06-20 21:00:00, BasketballFanUnderdogTriumph , Facebook , #Triumph #BasketballFinals ,18,35,USA,2022,6,20,21
"at the golf tournament, the golfer's precision and focus lead to a stunning victory, leaving spectators in awe of their exceptional skill. ", Awe ,2016-04-10 18:30:00, GolfEnthusiastPrecisionVictory , Instagram , #Awe #GolfVictory ,22,45, Scotland ,2016,4,10,18
"experiencing the thrill of a high-speed formula 1 race, fans are on the edge of their seats as drivers compete for the championship. ", Thrill ,2019-11-24 19:45:00, F1FanHighSpeedRaceExcitement ,Twitter, #Thrill #Formula1Championship ,28,55, Germany ,2019,11,24,19
"in the cycling world championship, the climber conquers challenging terrains, symbolizing determination and achievement against all odds. ", Determination ,2015-09-28 22:30:00, CyclingEnthusiastWorldChampion , Facebook , #Determination #CyclingChampion ,35,70, Italy ,2015,9,28,22
"witnessing a heartwarming comeback in the hockey finals, fans share tears of joy as the team secures a historic victory after adversity. ", Heartwarming ,2020-12-12 20:00:00, HockeyFanComebackVictory , Instagram , #Heartwarming #HockeyFinalsComeback ,22,45, Canada ,2020,12,12,20
"after a series of defeats, the soccer team faces disappointment, struggling to find the silver lining in a challenging season. ", Disappointment ,2019-11-02 18:45:00, SoccerFanTeamDefeats ,Twitter, #Disappointment #SoccerDefeats ,40,80, Brazil ,2019,11,2,18
"in the tennis tournament, a highly anticipated player experiences a setback, leaving fans in shock and questioning the unforeseen turn of events. ", Frustration ,2018-07-10 21:15:00, TennisEnthusiastUnexpectedSetback , Instagram , #Frustration #TennisSetback ,35,70,USA,2018,7,10,21
"facing a defeat in the championship, the boxer reflects on the challenges, vowing to return stronger and more determined in the next bout. ", Reflection ,2020-09-18 19:30:00, BoxingFanChampionshipDefeat , Facebook , #Reflection #BoxingDefeat ,30,60, UK ,2020,9,18,19
"in the midst of a cycling race, a tire blowout leads to frustration for the cyclist, who valiantly tries to overcome the unexpected obstacle. ", Obstacle ,2017-05-15 22:00:00, CyclingEnthusiastTireBlowout ,Twitter, #Obstacle #CyclingFrustration ,22,45, France ,2017,5,15,22
"the gymnast's unexpected fall during a routine sparks a wave of sympathy from the audience, highlighting the vulnerability of sports. ", Sympathy ,2021-04-05 20:15:00, GymnasticsFanRoutineFall , Instagram , #Sympathy #GymnasticsFall ,28,55, Japan ,2021,4,5,20
"in the golf tournament, a missed crucial putt results in defeat, causing the golfer to reflect on the pressure of high-stakes competition. ", Pressure ,2016-08-20 18:30:00, GolfEnthusiastMissedPutt , Facebook , #Pressure #GolfDefeat ,18,35,USA,2016,8,20,18
"experiencing a series of losses in the basketball season, the team grapples with frustration, determined to turn the tide with renewed effort. ", Renewed Effort ,2019-02-12 19:45:00, BasketballFanTeamLosses ,Twitter, #RenewedEffort #BasketballStruggles ,22,45, Canada ,2019,2,12,19
"despite meticulous training, the swimmer faces disappointment as a split-second miscalculation costs them the lead in a crucial race. ", Miscalculation ,2015-06-28 20:00:00, SwimmingEnthusiastRaceSetback , Instagram , #Miscalculation #SwimmingDisappointment ,28,55, Australia ,2015,6,28,20
"the weightlifter's failed attempt at a personal record results in frustration, highlighting the challenging nature of pushing physical limits. ", Challenge ,2022-01-08 21:30:00, WeightliftingFanFailedRecord , Facebook , #Challenge #WeightliftingFailure ,35,70, Germany ,2022,1,8,21
"in the midst of a soccer match, an unexpected own goal creates a moment of despair for the player, as teammates console and encourage them. ", Despair ,2018-12-15 20:15:00, SoccerPlayerOwnGoalMoment ,Twitter, #Despair #OwnGoal ,22,45, Spain ,2018,12,15,20
"in the serene beauty of a sunset, nature unfolds a canvas of colors, evoking a sense of tranquility and wonder. ", Tranquility ,2021-07-10 19:00:00, NatureEnthusiastSunsetWonder , Instagram , #Tranquility #SunsetBeauty ,40,80, Canada ,2021,7,10,19
"embarking on a spontaneous road trip, the traveler discovers hidden gems, creating memories that will be cherished for a lifetime. ", Adventure ,2019-09-28 20:30:00, TravelEnthusiastRoadTripDiscovery ,Twitter, #Adventure #RoadTripMemories ,35,70,USA,2019,9,28,20
"amidst the bustling city, a quiet café becomes a sanctuary for reflection, where a cup of coffee brings solace to the wandering mind. ", Solace ,2022-03-15 18:45:00, UrbanExplorerCafeSolitude , Facebook , #Solace #CafeReflection ,30,60, France ,2022,3,15,18
"exploring the vibrant street art of a cultural neighborhood, each mural tells a story, infusing the city with creativity and expression. ", Creativity ,2017-11-05 21:15:00, ArtEnthusiastStreetArtExploration , Instagram , #Creativity #StreetArtVibes ,22,45, Brazil ,2017,11,5,21
"in the world of science, a breakthrough discovery unfolds, pushing the boundaries of knowledge and opening new frontiers of exploration. ", Breakthrough ,2020-05-20 16:30:00, ScienceEnthusiastDiscoveryMoment ,Twitter, #Breakthrough #ScientificDiscovery ,28,55, Germany ,2020,5,20,16
"connecting with the melody of a live orchestra, the music enthusiast experiences a symphony that resonates deep within the soul. ", Harmony ,2016-08-22 19:45:00, MusicLoverLiveOrchestraExperience , Facebook , #Harmony #OrchestraMelody ,18,35, UK ,2016,8,22,19
"embracing the aroma of freshly baked bread, the home chef finds joy in the art of baking, creating delicious memories for loved ones. ", Joy in Baking ,2023-04-10 17:15:00, HomeBakerDeliciousMemories , Instagram , #JoyInBaking #HomemadeDelights ,22,45, India ,2023,4,10,17
"wandering through a historical museum, the history enthusiast becomes immersed in the tales of the past, envisioning bygone eras. ", Envisioning History ,2015-12-18 18:00:00, HistoryBuffMuseumExploration ,Twitter, #EnvisioningHistory #MuseumTales ,28,55, Italy ,2015,12,18,18
"in the realm of literature, a captivating novel transports the reader to distant lands, weaving a tapestry of imagination and escape. ", Imagination ,2021-10-08 20:30:00, BookwormCaptivatingNovelEscape , Facebook , #Imagination #LiteraryEscape ,35,70, Japan ,2021,10,8,20
"capturing the essence of a bustling market, the photographer freezes moments in time, each frame telling a unique and vibrant story. ", Vibrancy ,2019-03-22 21:45:00, PhotographyEnthusiastMarketMoments , Instagram , #Vibrancy #MarketStories ,22,45, Australia ,2019,3,22,21
"underneath the city lights, the dancer expresses emotions through graceful movements, creating a mesmerizing performance under the night sky. ", Mesmerizing ,2018-06-15 22:00:00, DanceEnthusiastCityNightPerformance ,Twitter, #Mesmerizing #NightDancePerformance ,40,80,USA,2018,6,15,22
"in the heart of a bustling market, the street food connoisseur indulges in a culinary adventure, savoring diverse flavors and aromas. ", Culinary Adventure ,2019-08-28 19:30:00, FoodieMarketStreetFoodExploration , Instagram , #CulinaryAdventure #StreetFoodDelights ,35,70, Thailand ,2019,8,28,19
"as the first snowflake descends, the winter enthusiast eagerly prepares for a season of frosty delights, anticipating the magic of snow-covered landscapes. ", Winter Magic ,2022-12-01 17:45:00, SnowLoverWinterEnthusiast , Facebook , #WinterMagic #SnowyLandscapes ,30,60, Canada ,2022,12,1,17
"amidst the pages of a captivating mystery novel, the reader unravels clues and secrets, experiencing a thrilling journey of suspense and revelation. ", Thrilling Journey ,2017-04-10 21:15:00, MysteryBookwormSuspensefulRead ,Twitter, #ThrillingJourney #MysteryNovel ,22,45, UK ,2017,4,10,21
"surrounded by the vibrant colors of a flower garden, the gardener nurtures blossoms, finding joy in the beauty of nature's ever-changing canvas. ", Nature's Beauty ,2020-05-15 18:30:00, GardeningEnthusiastFlowerGarden , Instagram , #NaturesBeauty #FloralJoy ,28,55, Australia ,2020,5,15,18
"at the astronomy observatory, the stargazer marvels at the vastness of the cosmos, contemplating the mysteries hidden within the celestial expanse. ", Celestial Wonder ,2016-09-22 20:00:00, AstronomyEnthusiastStargazing , Facebook , #CelestialWonder #Stargazing ,18,35,USA,2016,9,22,20
"engulfed in the aroma of freshly brewed coffee, the writer finds inspiration in every sip, embarking on a journey of creativity and prose. ", Creative Inspiration ,2023-02-12 19:45:00, CoffeeLoverWritersRetreat ,Twitter, #CreativeInspiration #CoffeeJourney ,22,45, France ,2023,2,12,19
"in the realm of fashion, the designer unveils a collection that tells a story, blending innovation and tradition on the runway of creativity. ", Runway Creativity ,2015-11-10 21:00:00, FashionEnthusiastDesignerShowcase , Instagram , #RunwayCreativity #FashionInnovation ,28,55, Italy ,2015,11,10,21
"as the waves crash against the shore, the surfer embraces the thrill of riding the ocean's energy, capturing the essence of freedom in each wave. ", Ocean's Freedom ,2021-07-20 18:15:00, SurfingEnthusiastWaveRider , Facebook , #OceansFreedom #SurfingThrills ,22,45, Brazil ,2021,7,20,18
"exploring the historical architecture of an ancient city, the traveler is transported to a bygone era, where each monument whispers tales of the past. ", Whispers of the Past ,2019-04-18 20:30:00, HistoryExplorerAncientCityTour ,Twitter, #WhispersOfThePast #HistoricalTour ,35,70, Greece ,2019,4,18,20
successfully avoided eye contact with my crush in the hallway. mission accomplished. #teencrush #stealthmode , Excitement ,2023-05-20 19:45:00, CrushAvoider ,Twitter, #CrushStruggles #AvoidingEyeContact ,15,30,USA,2023,5,20,19
ran out of snacks during a movie marathon. crisis level: emergency! #movienightstruggles #teenproblems , Boredom ,2023-05-21 21:00:00, MovieBuff , Instagram , #SnackCrisis #TeenLife ,18,35, Canada,2023,5,21,21
spent an hour choosing the perfect filter for a selfie. the struggle for that instagram aesthetic is real. #selfiequeen #teenvibes , Joy ,2023-05-22 14:30:00, SelfieAddict , Facebook , #SelfieStruggle #TeenConfessions ,22,45, UK,2023,5,22,14
lost my headphones again. how do they vanish into thin air? #headphonemystery #teenlife , Frustration ,2023-05-23 16:45:00, AudioExplorer ,Twitter, #TeenProblems #LostHeadphones ,20,40,USA,2023,5,23,16
decided to study for exams but ended up making memes about studying instead. procrastination level: expert. #procrastinationnation #teenconfessions , Surprise ,2023-05-24 13:15:00, MemeCreator , Instagram , #StudyingMemes #TeenLife ,25,50, Canada,2023,5,24,13
"got dressed for the day, then remembered it's saturday. oops. #weekendvibes #teenstruggles ", Indifference ,2023-05-25 19:00:00, FashionBlunder , Facebook , #WeekendOops #TeenFashion ,20,40,USA,2023,5,25,19
survived a group project without any drama. miracles do happen. #groupprojectsuccess #teenachievements , Satisfaction ,2023-05-26 14:20:00, GroupGenius ,Twitter, #TeenSuccess #ProjectMiracle ,28,55, UK,2023,5,26,14
"entered the kitchen with the intention to cook. left with a bag of chips. cooking is overrated, anyway. #masterchefintraining #teenhumor ", Disgust ,2023-05-27 21:15:00, ChipExplorer , Instagram , #TeenChef #CookingFail ,22,45, Canada,2023,5,27,21
"staring at the clock in class, waiting for the bell to ring like it's the most exciting event of the day. #classcountdown #teenlife ", Surprise ,2023-05-28 12:00:00, ExcitementSeeker , Facebook , #ClassEvent #TeenExcitement ,18,35,USA,2023,5,28,12
"discovered a new book series and spent the whole night reading. who needs sleep, anyway? #bookwormlife #latenightreading ", Joy ,2023-05-29 23:30:00, NightReader ,Twitter, #BookDiscoveries #TeenReading ,30,60, UK,2023,5,29,23
"bought a new video game, played for hours, forgot to eat. the ultimate gaming session. #gamerlife #nofoodgaming ", Excitement ,2023-05-30 20:45:00, GamingEnthusiast , Instagram , #GameOn #TeenGamer ,22,45,USA,2023,5,30,20
spent the day binge-watching a new series. productivity level: zero. #lazyday #tvseriesmarathon , Joy ,2023-05-31 15:30:00, LazyWatcher , Facebook , #BingeWatchDay #TeenLife ,35,70, Canada,2023,5,31,15
caught up on the latest fashion trends and now planning a shopping spree. #fashionista #trendyteen , Excitement ,2023-06-01 18:00:00, TrendExplorer ,Twitter, #FashionGoals #TeenStyle ,20,40,USA,2023,6,1,18
decided to learn a new instrument. day one: still trying to figure out how to hold it. #musicnovice #learningjourney , Frustration ,2023-06-02 14:30:00, MusicalExplorer , Instagram , #InstrumentLearning #TeenMusic ,28,55, UK,2023,6,2,14
spent hours creating the perfect playlist for every mood. music is my therapy. #playlistmaker #teenmusiclover , Joy ,2023-06-03 21:15:00, MusicAficionado , Facebook , #MusicTherapy #TeenPlaylist ,22,45, Canada,2023,6,3,21
successfully cooked a gourmet meal for the family. chef skills unlocked! #chefmode #teenchef , Pride ,2023-06-04 19:30:00, HomeChef ,Twitter, #CookingSuccess #TeenCook ,25,50,USA,2023,6,4,19
spontaneously booked a weekend getaway. adventure awaits! #travelbug #weekendescape , Excitement ,2023-06-05 10:00:00, AdventureSeeker , Instagram , #GetawayGoals #TeenTravel ,18,35, UK,2023,6,5,10
attended a concert and danced the night away. music is the heartbeat of life. #concertvibes #danceallnight , Joy ,2023-06-06 22:30:00, DanceEnthusiast , Facebook , #MusicMagic #TeenConcert ,28,55, Canada,2023,6,6,22
rediscovered childhood cartoons and had a nostalgia-filled marathon. #cartoonnostalgia #teenmemories , Joy ,2023-06-07 12:45:00, NostalgiaExplorer ,Twitter, #ChildhoodMemories #TeenCartoons ,22,45,USA,2023,6,7,12
embarked on a diy home decor project. let's hope it turns out better than last time. #diyadventure #teenhomedecor , Excitement ,2023-06-08 16:00:00, HomeDecorator , Instagram , #DIYGoals #TeenCreative ,35,70, UK,2023,6,8,16
"spent the afternoon at a museum, pretending to be cultured. art enthusiast in the making. #museumday #teenartlover ", Curiosity ,2023-06-09 14:00:00, ArtExplorer , Facebook , #CulturalDay #TeenCuriosity ,20,40,USA,2023,6,9,14
started a blog about random thoughts and musings. blogging is the new diary. #bloggerlife #teenblogger , Curiosity ,2023-06-10 17:30:00, ThoughtfulBlogger ,Twitter, #BloggingJourney #TeenThoughts ,30,60, Canada,2023,6,10,17
relishing a peaceful afternoon with a classic novel. quiet moments are the best moments. #booklover #peacefulafternoon , Contentment ,2023-06-11 15:30:00, NovelEnthusiast , Instagram , #QuietMoments #BookishEscape ,35,70,USA,2023,6,11,15
"reflecting on a lifetime of memories, each wrinkle tells a story. embracing the beauty of aging. #lifereflections #beautyinaging ", Gratitude ,2023-06-12 18:00:00, WiseSoul ,Twitter, #AgingGracefully #Memories ,28,55, UK,2023,6,12,18
exploring the world of digital art. it's never too late to discover new passions. #digitalartistry #latebloomer , Curiosity ,2023-06-13 14:45:00, ArtAdventurer , Facebook , #ArtDiscovery #SeniorArtist ,22,45, Canada,2023,6,13,14
savoring the flavors of a home-cooked meal. simple joys are the heart of happiness. #homecooking #simplejoys , Contentment ,2023-06-14 19:30:00, HomeChefSenior , Instagram , #HappinessInFood #SeniorLife ,25,50,USA,2023,6,14,19
embarking on a journey of learning a new language. the mind stays young with every new word. #languagelearning #nevertoolate , Curiosity ,2023-06-15 12:15:00, LinguisticExplorer ,Twitter, #MindEnrichment #SeniorLearning ,30,60, UK,2023,6,15,12
"attended a classical music concert, feeling the timeless melodies resonate. music transcends generations. #classicalmusic #timelessmelodies ", Joy ,2023-06-16 21:45:00, MusicConnoisseur , Facebook , #MusicLover #SeniorConcert ,18,35, Canada,2023,6,16,21
capturing the beauty of nature through photography. every snapshot is a treasure. #naturephotography #seniorphotographer , Joy ,2023-06-17 15:00:00, PhotographySenior , Instagram , #NatureCapture #SeniorMoments ,35,70,USA,2023,6,17,15
"reconnecting with old friends over a cup of tea. friendship, the true essence of companionship. #oldfriends #companionship ", Contentment ,2023-06-18 11:30:00, TeaTimeSenior ,Twitter, #FriendshipGoals #SeniorBonding ,28,55, UK,2023,6,18,11
"embarked on a road trip to revisit cherished places from the past. nostalgia, the ultimate travel companion. #roadtrip #nostalgiatour ", Joy ,2023-06-19 16:30:00, RoadTripSenior , Facebook , #CherishedPlaces #SeniorTravel ,22,45, Canada,2023,6,19,16
"joined a community choir, harmonizing with fellow voices. music creates bonds that withstand time. #communitychoir #harmonyinaging ", Joy ,2023-06-20 14:20:00, ChoirEnthusiast , Instagram , #MusicHarmony #SeniorVoices ,20,40,USA,2023,6,20,14
"exploring the art of meditation, finding tranquility in the stillness of the mind. #meditationjourney #tranquilmind ", Contentment ,2023-06-21 19:00:00, MeditationSenior ,Twitter, #MindfulLiving #SeniorCalm ,18,35, UK,2023,6,21,19
"taking a stroll in the garden, appreciating the beauty of blooming flowers. nature's wonders never cease. #gardenwalk #floralbeauty ", Contentment ,2023-06-22 13:45:00, GardenEnthusiast , Facebook , #NatureWonders #SeniorGarden ,25,50,USA,2023,6,22,13
"sipping on a favorite vintage wine, each sip telling a story of the years gone by. cheers to a life well-lived. #winelover #vintagecheers ", Contentment ,2023-06-23 18:45:00, WineConnoisseur , Instagram , #LifeWellLived #SeniorWine ,28,55, UK,2023,6,23,18
"participated in a community art class, unleashing creativity in the golden years. art has no age limit. #artclass #seniorartistry ", Joy ,2023-06-24 16:15:00, ArtisticSenior ,Twitter, #CreativityAtAnyAge #SeniorCreativity ,22,45, Canada,2023,6,24,16
"embarking on a journey of writing a memoir, documenting a lifetime of experiences. every story matters. #memoirwriting #seniorstories ", Gratitude ,2023-06-25 20:30:00, MemoiristSenior , Facebook , #LifetimeExperiences #SeniorMemoir ,35,70,USA,2023,6,25,20
"attended a lecture on history, always fascinated by the lessons from the past. learning is a lifelong adventure. #historylecture #seniorlearning ", Curiosity ,2023-06-26 14:00:00, HistoryEnthusiast , Instagram , #LifetimeAdventure #SeniorCuriosity ,30,60, UK,2023,6,26,14
"rediscovered the joy of cooking traditional family recipes. the kitchen, a place of cherished memories. #familyrecipes #seniorcooking ", Contentment ,2023-06-27 17:45:00, FamilyChefSenior ,Twitter, #KitchenMemories #SeniorCulinary ,20,40,USA,2023,6,27,17
"joined a nature photography club, capturing the beauty of the great outdoors. every click is a connection to nature. #naturephotography #seniorphotographer ", Joy ,2023-06-28 22:15:00, NaturePhotographySenior , Facebook , #OutdoorBeauty #SeniorClicks ,18,35, UK,2023,6,28,22
"attended a jazz concert and swayed to the rhythm of timeless tunes. music, a constant companion in the golden years. #jazzconcert #seniormusic ", Joy ,2023-06-29 16:30:00, JazzMusicLover , Instagram , #TimelessTunes #SeniorJazz ,25,50,USA,2023,6,29,16
"joined a writing group, penning down thoughts and reflections. writing, a journey into the depths of the soul. #writinggroup #seniorwriter ", Gratitude ,2023-06-30 19:30:00, SeniorWordsmith ,Twitter, #SoulfulWriting #SeniorReflections ,28,55, UK,2023,6,30,19
"embarked on a solo travel adventure, discovering the beauty of new places at my own pace. #solotravel #seniorexplorer ", Excitement ,2023-07-01 14:00:00, SoloAdventurer , Instagram , #DiscoverNewPlaces #SeniorTravel ,30,60,USA,2023,7,1,14
"attended a vintage car show, reminiscing about the classics that once ruled the roads. nostalgia in every rev. #vintagecars #classicrides ", Joy ,2023-07-02 18:30:00, CarEnthusiastSenior , Facebook , #RoadTripDownMemoryLane #SeniorCars ,22,45, UK,2023,7,2,18
"started a community garden, growing not just plants but friendships too. green thumbs unite! #communitygarden #seniorgardener ", Joy ,2023-07-03 12:45:00, GreenThumbSenior ,Twitter, #GardenFriends #SeniorGreenThumb ,28,55, Canada,2023,7,3,12
"hosted a family dinner, where laughter echoed louder than the clinking of utensils. family, the heart of happiness. #familydinner #seniorhost ", Contentment ,2023-07-04 17:00:00, FamilyHostSenior , Instagram , #HeartwarmingMoments #SeniorFamily ,35,70,USA,2023,7,4,17
"enrolled in a dance class for seniors, moving to the rhythm of life. age is just a number on the dance floor. #danceclass #seniordancer ", Joy ,2023-07-05 20:15:00, DanceEnthusiastSenior ,Twitter, #DanceLife #SeniorMoves ,18,35, UK,2023,7,5,20
"visited an art gallery, appreciating the brushstrokes that tell tales of creativity. art, an eternal companion. #artgallery #seniorartlover ", Joy ,2023-07-06 14:30:00, ArtGalleryVisitor , Facebook , #CreativeExpressions #SeniorArt ,25,50,USA,2023,7,6,14
"started a book club for seniors, where discussions are as lively as the characters in the novels. #bookclub #seniorreaders ", Joy ,2023-07-07 19:45:00, SeniorBookClub , Instagram , #BookishTalks #SeniorBookworms ,22,45, UK,2023,7,7,19
"hosted a picnic in the park, basking in the warmth of friendship and sunshine. simple joys, timeless memories. #parkpicnic #seniorjoy ", Contentment ,2023-07-08 16:00:00, SeniorPicnicHost ,Twitter, #FriendshipSunshine #SeniorMemories ,30,60, Canada,2023,7,8,16
"participated in a local theater production, proving that the stage belongs to every age. #theaterproduction #senioractor ", Joy ,2023-07-09 22:30:00, SeniorActor , Facebook , #StagePassion #SeniorTheater ,20,40,USA,2023,7,9,22
"embarked on a hiking adventure, conquering trails and relishing the beauty of nature. age is just a number on the mountaintop. #hikingadventure #seniorhiker ", Excitement ,2023-07-10 14:20:00, SeniorHikerExplorer , Instagram , #NatureTrailBlazer #SeniorExplorer ,28,55, UK,2023,7,10,14
hosted a photography exhibition featuring snapshots of a life well-lived. every photo has a story to tell. #photographyexhibition #seniorphotographer , Gratitude ,2023-07-11 18:45:00, SeniorPhotographerExhibitor ,Twitter, #LifeInPictures #SeniorExhibition ,22,45, Canada,2023,7,11,18
"joined a seniors' cycling club, feeling the wind in my hair and the freedom of the open road. #cyclingclub #seniorcyclist ", Excitement ,2023-07-12 13:45:00, SeniorCyclingEnthusiast , Facebook , #OpenRoadAdventures #SeniorCycling ,25,50,USA,2023,7,12,13
"attended a wine tasting event, savoring the richness of flavors that age like fine wine. cheers to the golden years! #winetasting #seniorwinelover ", Joy ,2023-07-13 20:00:00, SeniorWineConnoisseur , Instagram , #AgedToPerfection #SeniorCheers ,35,70, UK,2023,7,13,20
"started learning ballroom dancing, gliding gracefully across the dance floor. ageless elegance in every step. #ballroomdancing #seniordancer ", Joy ,2023-07-14 16:15:00, SeniorBallroomDancer ,Twitter, #GracefulMoves #SeniorDance ,20,40,USA,2023,7,14,16
"organized a community painting event, turning blank canvases into a masterpiece of shared creativity. #paintingevent #seniorartist ", Joy ,2023-07-15 19:30:00, SeniorPaintingOrganizer , Facebook , #CommunityArt #SeniorCreativity ,28,55, Canada,2023,7,15,19
"hosted a 'memory lane' evening with old friends, reminiscing about the adventures that shaped our lives. #memorylane #seniorreminiscing ", Gratitude ,2023-07-16 14:00:00, SeniorMemoriesHost , Instagram , #FriendshipAdventures #SeniorNostalgia ,30,60,USA,2023,7,16,14
"joined a seniors' astronomy club, stargazing and finding wonder in the vastness of the cosmos. #astronomyclub #seniorstargazer ", Curiosity ,2023-07-17 22:15:00, SeniorStargazer ,Twitter, #CelestialWonders #SeniorAstronomy ,18,35, UK,2023,7,17,22
"attended a local jazz festival, tapping toes to the tunes that have stood the test of time. music, a lifelong love affair. #jazzfestival #seniormusiclover ", Joy ,2023-07-18 16:30:00, SeniorJazzFestivalGoer , Facebook , #TimelessTunes #SeniorJazz ,25,50,USA,2023,7,18,16
"started a blog sharing the wisdom gained through the years, proving that every day is a chance to learn and grow. #seniorwisdom #blog ", Gratitude ,2023-07-19 19:45:00, WisdomBloggerSenior , Instagram , #LifeLessons #SeniorBlog ,22,45, UK,2023,7,19,19
"participated in a charity run, proving that age is no barrier to supporting meaningful causes. #charityrun #seniorrunner ", Excitement ,2023-07-20 17:00:00, SeniorCharityRunner ,Twitter, #RunForACause #SeniorSupport ,30,60, Canada,2023,7,20,17
"survived a challenging physics exam. equations, you won't defeat me! ", Relief ,2023-08-01 13:30:00, PhysicsWhizHighSchool , Instagram , #PhysicsSurvivor #HighSchoolAdventures ,20,40,USA,2023,8,1,13
exploring the world of coding. debugging is an adventure on its own! #codingjourney #highschoolcoder , Excitement ,2023-08-02 14:45:00, CodeExplorerHighSchool ,Twitter, #CodingAdventure #HighSchoolCoderLife ,25,50, UK,2023,8,2,14
"joined the school debate team. words are my weapons, and i'm ready for battle! ", Excitement ,2023-08-03 12:15:00, DebateWarriorHighSchool , Facebook , #DebateWarrior #HighSchoolDebater ,18,35, Canada,2023,8,3,12
"started a photography club at school. capturing moments, one snapshot at a time! ", Joy ,2023-08-04 16:30:00, PhotoClubHighSchool , Instagram , #PhotographyClub #HighSchoolPhotographer ,22,45,USA,2023,8,4,16
"daydreaming about the upcoming prom. the dress, the dance – it's a fairytale in the making! ", Excitement ,2023-08-05 19:45:00, PromDreamerHighSchool ,Twitter, #PromDreams #HighSchoolFairytale ,30,60, Canada,2023,8,5,19
convinced the teacher to have class outdoors. learning equations with a side of fresh air! , Positive ,2023-08-06 14:00:00, OutdoorClassHighSchool , Facebook , #OutdoorClassroom #HighSchoolExplorer ,28,55,USA,2023,8,6,14
"accidentally spilled paint in art class. abstract art, right? #artclassadventures #highschoolartist ", Embarrassed ,2023-08-07 19:45:00, PaintSpillHighSchool , Instagram , #ArtisticMishaps #HighSchoolArt ,22,45, UK,2023,8,7,19
trying to master the perfect kickflip on my skateboard. skating into the weekend like a pro! , Excitement ,2023-08-08 16:00:00, SkateProHighSchool ,Twitter, #SkaterLife #HighSchoolSkater ,30,60, Canada,2023,8,8,16
bonding with friends over the latest k-pop sensation. fangirling at its finest! , Joy ,2023-08-09 22:30:00, KpopFangirlHighSchool , Facebook , #KpopFangirl #HighSchoolMusic ,20,40,USA,2023,8,9,22
spent hours perfecting a chemistry experiment. mixing potions like a wizard! , Joy ,2023-08-10 14:20:00, ChemistryWizardHighSchool , Instagram , #ChemistryWizard #HighSchoolScientist ,28,55, UK,2023,8,10,14
successfully organized a surprise birthday party for a friend. party planning expert mode: achieved! , Joy ,2023-08-11 18:45:00, BirthdayPartyPlannerHighSchool ,Twitter, #BirthdayParty #HighSchoolCelebration ,22,45, Canada,2023,8,11,18
"joined the drama club to unleash my inner actor. lights, camera, action! ", Excitement ,2023-08-12 13:45:00, DramaClubStarHighSchool , Facebook , #DramaClubStar #HighSchoolActor ,25,50,USA,2023,8,12,13
got my hands on the latest fantasy novel. diving into realms of magic and adventure! , Excitement ,2023-08-13 20:00:00, FantasyBookNerdHighSchool , Instagram , #FantasyBookNerd #HighSchoolReader ,35,70, UK,2023,8,13,20
mastering the art of the perfect doodle during boring classes. doodles: a+! , Joy ,2023-08-14 16:15:00, DoodleMasterHighSchool ,Twitter, #DoodleMaster #HighSchoolArt ,20,40,USA,2023,8,14,16
attempting to break the school record for the longest handstand. wish me luck! , Excitement ,2023-08-15 19:30:00, HandstandChallengeHighSchool , Facebook , #HandstandChallenge #HighSchoolAthlete ,28,55, Canada,2023,8,15,19
sneaking snacks into class like a pro. the art of snack-smuggling is a sacred skill! , Mischievous ,2023-08-16 14:00:00, SnackSmugglerHighSchool , Instagram , #SnackSmuggler #HighSchoolSnacks ,30,60,USA,2023,8,16,14
hosting a sleepover with friends this weekend. preparing for a night of laughter and memories! , Excitement ,2023-08-17 22:15:00, SleepoverHostHighSchool ,Twitter, #SleepoverFun #HighSchoolMemories ,18,35, UK,2023,8,17,22
"spent hours on a tiktok dance, only to realize i have two left feet. dance fail: unleashed! ", Embarrassed ,2023-08-18 16:30:00, TikTokFailHighSchool , Facebook , #DanceFail #HighSchoolTikTok ,25,50,USA,2023,8,18,16
accidentally liked my crush's old photo while stalking their profile. awkward level: maximum! , Embarrassed ,2023-08-19 19:45:00, SocialMediaBlunderHighSchool , Instagram , #SocialMediaBlunder #HighSchoolAwkward ,22,45, UK,2023,8,19,19
tried to impress my crush with a smooth conversation. ended up spilling my drink. smooth level: nonexistent! , Embarrassed ,2023-08-20 17:00:00, CrushFailHighSchool ,Twitter, #CrushFail #HighSchoolEmbarrassment ,30,60, Canada,2023,8,20,17
mastered the art of creating paper airplanes during lecture. paper planes: soaring to new heights! , Joy ,2023-08-21 15:45:00, PaperPlaneExpertHighSchool , Instagram , #PaperPlaneExpert #HighSchoolArt ,15,30,USA,2023,8,21,15
trying to set a new trend by juggling textbooks between classes. academic juggling: a unique skill! , Excitement ,2023-08-22 12:30:00, JugglingProHighSchool , Facebook , #TextbookJuggling #HighSchoolSkills ,22,40, Canada,2023,8,22,12
hiding a snack stash in my backpack for emergency cravings. snack ninja mode: activated! , Mischievous ,2023-08-23 16:45:00, SnackNinjaHighSchool ,Twitter, #SnackNinja #HighSchoolSnacks ,28,55,USA,2023,8,23,16
planning a surprise scavenger hunt for friends. anticipating the thrill and excitement! , Excitement ,2023-08-24 18:20:00, ScavengerHuntMasterHighSchool , Instagram , #SurpriseAdventure #HighSchoolFun ,20,38, UK,2023,8,24,18
danced in the rain to celebrate the end of exams. rain dance: unexpectedly refreshing! , Joy ,2023-08-25 14:15:00, RainDanceCelebrationHighSchool , Facebook , #RainDance #HighSchoolJoy ,25,50, Canada,2023,8,25,14
accidentally sent a text meant for a friend to the class group chat. texting fail: oops moment! , Embarrassed ,2023-08-26 17:30:00, GroupChatBlunderHighSchool ,Twitter, #TextingFail #HighSchoolAwkward ,18,35,USA,2023,8,26,17
tried a magic trick to impress classmates. magic fail: where did that rabbit go? , Embarrassed ,2023-08-27 20:45:00, MagicFailHighSchool , Instagram , #MagicFail #HighSchoolMagic ,22,45, UK,2023,8,27,20
perfecting the art of creating origami during a dull lecture. origami mastery: a+! , Joy ,2023-08-28 16:00:00, OrigamiProHighSchool ,Twitter, #OrigamiMaster #HighSchoolArt ,18,36,USA,2023,8,28,16
attempting to set a new record for the most consecutive hacky sack kicks. hacky sack skills: unleashed! , Excitement ,2023-08-29 13:45:00, HackySackChampionHighSchool , Instagram , #HackySackChallenge #HighSchoolAthlete ,26,48, Canada,2023,8,29,13
creating a secret handshake with friends. friendship level: expert! , Joy ,2023-08-30 17:30:00, SecretHandshakeHighSchool , Facebook , #FriendshipGoals #HighSchoolMemories ,20,40,USA,2023,8,30,17
embarking on a mission to find the best burger joint in town. burger connoisseur: reporting for duty! , Excitement ,2023-08-31 20:15:00, BurgerQuestHighSchool ,Twitter, #BurgerQuest #HighSchoolFoodie ,24,42, UK,2023,8,31,20
practicing a stand-up comedy routine for the upcoming talent show. comedy gig: in the making! , Joy ,2023-09-01 14:45:00, ComedyGeniusHighSchool , Instagram , #StandUpComedy #HighSchoolTalent ,21,39, Canada,2023,9,1,14
accidentally sent a love letter to the wrong person. love note fail: maximum embarrassment! , Embarrassed ,2023-09-02 18:30:00, LoveLetterBlunderHighSchool , Facebook , #LoveLetterFail #HighSchoolAwkward ,17,33,USA,2023,9,2,18
attempting to impress the teacher with an elaborate science experiment. science geek mode: activated! , Excitement ,2023-09-03 22:00:00, ScienceExperimentProHighSchool ,Twitter, #ScienceGeek #HighSchoolExperiments ,23,44, UK,2023,9,3,22
crafting intricate friendship bracelets for the whole squad. friendship level: expert weaver! , Joy ,2023-09-04 15:15:00, BraceletCraftsmanHighSchool , Instagram , #FriendshipBracelets #HighSchoolCrafts ,19,37,USA,2023,9,4,15
attempting to beat the record for the most consecutive cartwheels. cartwheel challenge: underway! , Excitement ,2023-09-05 12:30:00, CartwheelMasterHighSchool ,Twitter, #CartwheelChallenge #HighSchoolAthlete ,27,52, Canada,2023,9,5,12
organizing a movie marathon with friends. popcorn and cinematic adventures await! , Joy ,2023-09-06 16:45:00, MovieMarathonHostHighSchool , Facebook , #MovieNight #HighSchoolMemories ,22,43, UK,2023,9,6,16
experimenting with a new hair color. a bold change for a bold semester! , Excitement ,2023-09-07 18:20:00, HairColorExperimentHighSchool , Instagram , #HairExperiment #HighSchoolStyle ,20,39,USA,2023,9,7,18
building a time capsule to capture memories for the future. time-traveling emotions! , Joy ,2023-09-08 14:15:00, TimeCapsuleCreatorHighSchool , Facebook , #TimeCapsule #HighSchoolNostalgia ,26,48, Canada,2023,9,8,14
accidentally walked into the wrong classroom on the first day. classroom mix-up: awkward start! , Embarrassed ,2023-09-09 17:30:00, ClassroomBlunderHighSchool ,Twitter, #FirstDayOops #HighSchoolEmbarrassment ,16,32,USA,2023,9,9,17
trying out a new smoothie recipe for a healthy start to the week. smoothie enthusiast: level up! , Excitement ,2023-09-10 20:45:00, SmoothieConnoisseurHighSchool , Instagram , #HealthyLiving #HighSchoolWellness ,23,42, UK,2023,9,10,20
reflecting on the challenges of the school year. feeling a bit overwhelmed with assignments. , Sad ,2023-09-11 15:45:00, OverwhelmedHighSchoolStudent ,Twitter, #SchoolChallenges #HighSchoolStruggles ,15,28,USA,2023,9,11,15
encountered some mean-spirited comments online. dealing with online hate is never easy. , Hate ,2023-09-12 12:30:00, DealingWithHateHighSchool , Instagram , #OnlineHate #HighSchoolReality ,18,36, Canada,2023,9,12,12
had a bad day at school. everything seems to be going wrong. , Bad ,2023-09-13 16:45:00, ToughDayHighSchool , Facebook , #BadDay #HighSchoolBlues ,20,40, UK,2023,9,13,16
feeling down after not making the sports team. disappointment lingers. , Sad ,2023-09-14 18:20:00, SportsTeamRejectionHighSchool ,Twitter, #Disappointment #HighSchoolSports ,17,34,USA,2023,9,14,18
witnessed a heated argument in the cafeteria. unpleasant atmosphere at lunch. , Hate ,2023-09-15 14:15:00, CafeteriaConflictHighSchool , Instagram , #CafeteriaDrama #HighSchoolTension ,21,41, Canada,2023,9,15,14
received a not-so-great grade on a major project. academic frustration setting in. , Bad ,2023-09-16 17:30:00, ProjectGradeDisappointmentHighSchool , Facebook , #AcademicFrustration #HighSchoolStress ,19,38, UK,2023,9,16,17
dealing with a personal setback. sometimes life throws unexpected challenges. , Sad ,2023-09-17 20:45:00, PersonalSetbackHighSchool ,Twitter, #LifeChallenges #HighSchoolStruggles ,22,44,USA,2023,9,17,20
feeling lonely on a saturday night. sometimes solitude hits harder than expected. , Sad ,2023-09-18 22:00:00, LonelySaturdayHighSchool , Instagram , #LonelyNights #HighSchoolEmotions ,16,31, Canada,2023,9,18,22
experiencing cyberbullying. hateful messages online are disheartening. , Hate ,2023-09-19 15:15:00, CyberbullyingVictimHighSchool , Facebook , #StopCyberbullying #HighSchoolReality ,14,27, UK,2023,9,19,15
caught in a torrential rainstorm without an umbrella. today's weather is just bad luck. , Bad ,2023-09-20 12:30:00, RainyDayBluesHighSchool ,Twitter, #BadLuck #HighSchoolWeather ,18,35,USA,2023,9,20,12
missing an important event due to unforeseen circumstances. a day filled with sadness. , Sad ,2023-09-21 16:45:00, MissedOpportunityHighSchool , Instagram , #MissedChances #HighSchoolRegret ,20,39, Canada,2023,9,21,16
dealing with unfounded rumors circulating about personal life. rumors can be hurtful. , Hate ,2023-09-22 18:20:00, RumorVictimHighSchool , Facebook , #RumorMills #HighSchoolDrama ,23,46, UK,2023,9,22,18
got a flat tire on the way to an important meeting. talk about a series of bad events! , Bad ,2023-09-23 14:15:00, FlatTireWoesHighSchool ,Twitter, #BadLuckDay #HighSchoolStruggles ,25,50,USA,2023,9,23,14
feeling a sense of emptiness after a close friend moves away. farewells are always sad. , Sad ,2023-09-24 17:30:00, FriendMovingAwayHighSchool , Instagram , #SayingGoodbye #HighSchoolEmotions ,21,42, Canada,2023,9,24,17
facing rejection from a dream college. disheartened but determined to explore other paths. , Sad ,2023-09-25 20:45:00, CollegeRejectionHighSchool , Facebook , #CollegeDreams #HighSchoolJourney ,19,37, UK,2023,9,25,20
encountering online toxicity during a gaming session. hateful comments can ruin the fun. , Hate ,2023-09-26 14:15:00, GamingToxicityHighSchool ,Twitter, #OnlineGaming #HighSchoolGamer ,16,32,USA,2023,9,26,14
having a bad hair day and feeling self-conscious. bad hair days can affect confidence. , Bad ,2023-09-27 17:30:00, BadHairDayBluesHighSchool , Instagram , #BadHairDay #HighSchoolConfidence ,18,36, Canada,2023,9,27,17
feeling a sense of despair after a major project failure. hard work didn't pay off this time. , Sad ,2023-09-28 22:00:00, ProjectFailureDespairHighSchool , Facebook , #ProjectStruggles #HighSchoolHardships ,21,41, UK,2023,9,28,22
experiencing hate comments for expressing personal opinions. online negativity prevails. , Hate ,2023-09-29 15:45:00, OpinionsHateHighSchool ,Twitter, #OnlineOpinions #HighSchoolCriticism ,24,48,USA,2023,9,29,15
having a string of bad luck with constant technology malfunctions. tech troubles galore! , Bad ,2023-09-30 18:20:00, TechMalfunctionWoesHighSchool , Instagram , #TechIssues #HighSchoolTech ,22,43, Canada,2023,9,30,18
missing out on a long-anticipated event due to unexpected circumstances. a day filled with sadness. , Sad ,2023-10-01 14:15:00, MissedEventBluesHighSchool , Facebook , #MissedMoments #HighSchoolRegret ,20,39, UK,2023,10,1,14
trying out a new study technique for upcoming exams. exploring different learning strategies. , Neutral ,2023-10-02 16:45:00, StudyTechniqueExperimentHighSchool , Instagram , #StudyStrategies #HighSchoolExams ,23,42,USA,2023,10,2,16
organizing a community cleanup event for a cleaner neighborhood. promoting environmental awareness. , Neutral ,2023-10-03 12:30:00, CommunityCleanupHighSchool ,Twitter, #EnvironmentalEfforts #HighSchoolCommunity ,26,50, Canada,2023,10,3,12
sharing favorite book recommendations with classmates. building a mini book club. , Neutral ,2023-10-04 18:20:00, BookRecommendationsHighSchool , Facebook , #BookClub #HighSchoolReads ,19,38, UK,2023,10,4,18
experimenting with a new recipe for a school bake sale. baking adventures in the kitchen. , Neutral ,2023-10-05 14:15:00, BakeSaleRecipeExperimentHighSchool , Instagram , #BakingAdventures #HighSchoolBakes ,21,43,USA,2023,10,5,14
collaborating on a school project with peers. teamwork makes the dream work. , Neutral ,2023-10-06 17:30:00, SchoolProjectCollaborationHighSchool ,Twitter, #Teamwork #HighSchoolProjects ,18,36, Canada,2023,10,6,17
attending a school club meeting to explore new interests. dabbling in extracurricular activities. , Neutral ,2023-10-07 20:45:00, ExtracurricularExplorationHighSchool , Instagram , #SchoolClubs #HighSchoolInterests ,22,45, UK,2023,10,7,20
exploring a new part-time job opportunity for gaining work experience. career development in progress. , Neutral ,2023-10-08 15:15:00, PartTimeJobExplorationHighSchool , Facebook , #CareerDevelopment #HighSchoolJobs ,24,48,USA,2023,10,8,15
attending a school assembly to stay informed about upcoming events and announcements. staying connected with school activities. , Neutral ,2023-10-09 22:00:00, SchoolAssemblyParticipationHighSchool ,Twitter, #SchoolEvents #HighSchoolConnectivity ,20,40, Canada,2023,10,9,22
exploring a new hobby of photography during free time. capturing moments through a lens. , Neutral ,2023-10-10 14:15:00, PhotographyHobbyHighSchool , Instagram , #PhotographyJourney #HighSchoolHobbies ,25,49, UK,2023,10,10,14
participating in a science fair to showcase a unique experiment. sharing knowledge with peers. , Neutral ,2023-10-11 16:45:00, ScienceFairParticipationHighSchool , Facebook , #ScienceFair #HighSchoolScience ,19,37,USA,2023,10,11,16
attending a workshop on time management to enhance organizational skills. striving for efficiency. , Neutral ,2023-10-12 18:20:00, TimeManagementWorkshopHighSchool ,Twitter, #EfficiencyGoals #HighSchoolSkills ,23,44, Canada,2023,10,12,18
volunteering at a local charity event to give back to the community. contributing to social causes. , Neutral ,2023-10-13 12:30:00, CharityEventVolunteerHighSchool , Instagram , #CommunityService #HighSchoolVolunteer ,20,39, UK,2023,10,13,12
collaborating on a group project to promote teamwork and shared responsibilities. group effort in action. , Neutral ,2023-10-14 17:30:00, GroupProjectCollaborationHighSchool , Facebook , #TeamSpirit #HighSchoolProjects ,18,35,USA,2023,10,14,17
participating in a debate club to enhance critical thinking and communication skills. intellectual engagement in progress. , Neutral ,2023-10-15 20:45:00, DebateClubParticipationHighSchool ,Twitter, #DebateSkills #HighSchoolIntellect ,22,43, Canada,2023,10,15,20
celebrating a friend's birthday with a surprise party. joyful moments and laughter all around! , Happy ,2023-10-16 15:45:00, BirthdaySurpriseHighSchool , Instagram , #SurpriseParty #HighSchoolCelebration ,27,52, UK,2023,10,16,15
successfully completing a challenging coding project. excitement for overcoming coding hurdles! , Happy ,2023-10-17 12:30:00, CodingSuccessHighSchool ,Twitter, #CodingTriumph #HighSchoolTech ,24,48,USA,2023,10,17,12
attending a school talent show to support classmates. applauding the diverse talents on display! , Happy ,2023-10-18 16:45:00, TalentShowSupportHighSchool , Facebook , #TalentShow #HighSchoolEntertainment ,19,38, Canada,2023,10,18,16
"exploring a new hiking trail with friends over the weekend. nature, laughter, and good vibes! ", Happy ,2023-10-19 18:20:00, WeekendHikeHighSchool , Instagram , #NatureAdventures #HighSchoolFriends ,21,42, UK,2023,10,19,18
winning a friendly sports competition against rival schools. victory celebrations in full swing! , Happy ,2023-10-20 14:15:00, SportsVictoryHighSchool ,Twitter, #SportsTriumph #HighSchoolAthletics ,26,50,USA,2023,10,20,14
receiving a heartfelt letter from a pen pal in another country. connecting across the globe! , Happy ,2023-10-21 17:30:00, PenPalConnectionHighSchool , Facebook , #GlobalFriendship #HighSchoolCorrespondence ,23,45, Canada,2023,10,21,17
creating a beautiful mural with fellow art enthusiasts. the power of collaboration and creativity! , Happy ,2023-10-22 20:45:00, MuralCreationHighSchool , Instagram , #ArtCollaboration #HighSchoolCreativity ,22,43, UK,2023,10,22,20
participating in a school-wide art exhibition. witnessing creativity and spreading positive vibes! , Happy ,2015-11-10 16:45:00, ArtExhibitionJoyHighSchool , Instagram , #ArtisticExpression #HighSchoolCreativity ,23,44,USA,2015,11,10,16
achieving a personal best in a track and field competition. the thrill of victory and self-improvement! , Happy ,2016-09-14 12:30:00, TrackFieldSuccessHighSchool ,Twitter, #AthleticAchievement #HighSchoolSports ,26,51, Canada,2016,9,14,12
collaborating on a science project that received recognition at a regional fair. science triumphs and smiles! , Happy ,2017-08-18 18:20:00, ScienceProjectSuccessHighSchool , Facebook , #ScienceFairWinner #HighSchoolScience ,20,39, UK,2017,8,18,18
"attending a surprise birthday party organized by friends. surrounded by love, laughter, and good company! ", Happy ,2018-06-22 14:15:00, BirthdayPartyJoyHighSchool , Instagram , #SurpriseCelebration #HighSchoolFriendship ,25,48,USA,2018,6,22,14
successfully fundraising for a school charity initiative. the joy of giving back to the community! , Happy ,2019-04-05 17:30:00, CharityFundraisingTriumphHighSchool ,Twitter, #CommunityGiving #HighSchoolPhilanthropy ,22,42, Canada,2019,4,5,17
"participating in a multicultural festival, celebrating diversity with music, dance, and delicious food! ", Happy ,2020-02-29 20:45:00, MulticulturalFestivalJoyHighSchool , Facebook , #CulturalCelebration #HighSchoolUnity ,21,43, UK,2020,2,29,20
"organizing a virtual talent show during challenging times, bringing smiles to classmates' faces! ", Happy ,2020-11-15 15:15:00, VirtualTalentShowSuccessHighSchool , Instagram , #VirtualEntertainment #HighSchoolPositivity ,24,47,USA,2020,11,15,15
